I_bias_A,L_ac_H,I_ac_wdg_A
0.01,7.560093915422571e-05,-0.05
0.06067796610169492,7.497561060651372e-05,-0.05
0.11135593220338984,7.296186109698333e-05,-0.05
0.16203389830508477,6.887373712111449e-05,-0.05
0.2127118644067797,6.478408144116952e-05,-0.05
0.26338983050847464,5.945499568895559e-05,-0.05
0.31406779661016954,5.3984764421204114e-05,-0.05
0.36474576271186443,4.934116078879624e-05,-0.05
0.4154237288135594,4.552027003615618e-05,-0.05
0.4661016949152543,4.2404124956441796e-05,-0.05
0.5167796610169493,3.9723763886606116e-05,-0.05
0.5674576271186441,3.6924548125061237e-05,-0.05
0.6181355932203391,3.420869805233142e-05,-0.05
0.668813559322034,3.1803432709064516e-05,-0.05
0.7194915254237289,2.9897469717394017e-05,-0.05
0.7701694915254238,2.848464602939252e-05,-0.05
0.8208474576271187,2.7454994416358758e-05,-0.05
0.8715254237288137,2.6689930539128497e-05,-0.05
0.9222033898305086,2.609528638974588e-05,-0.05
0.9728813559322035,2.5473847009963755e-05,-0.05
1.0235593220338985,2.47458387531605e-05,-0.05
1.0742372881355933,2.3923311431404497e-05,-0.05
1.1249152542372882,2.3020522869593237e-05,-0.05
1.1755932203389832,2.209624605530748e-05,-0.05
1.2262711864406781,2.119707608861938e-05,-0.05
1.276949152542373,2.034835217892362e-05,-0.05
1.327627118644068,1.957841526950084e-05,-0.05
1.378305084745763,1.8899445449668715e-05,-0.05
1.4289830508474577,1.8302629925553727e-05,-0.05
1.4796610169491526,1.7776983932310482e-05,-0.05
1.5303389830508476,1.7312857370344753e-05,-0.05
1.5810169491525425,1.6900179675380593e-05,-0.05
1.6316949152542375,1.653084716864529e-05,-0.05
1.6823728813559324,1.6194427795036775e-05,-0.05
1.7330508474576274,1.5889765777295318e-05,-0.05
1.7837288135593223,1.561270795324648e-05,-0.05
1.8344067796610173,1.5359458981729095e-05,-0.05
1.885084745762712,1.512751094658931e-05,-0.05
1.935762711864407,1.491282695191416e-05,-0.05
1.986440677966102,1.471333845753939e-05,-0.05
2.037118644067797,1.4527318540309915e-05,-0.05
2.0877966101694914,1.435341279334502e-05,-0.05
2.1384745762711863,1.4190116963610871e-05,-0.05
2.1891525423728813,1.4035993719556212e-05,-0.05
2.239830508474576,1.3890456954653348e-05,-0.05
2.290508474576271,1.3751819222896711e-05,-0.05
2.341186440677966,1.3617784674240801e-05,-0.05
2.391864406779661,1.3487318740976926e-05,-0.05
2.442542372881356,1.3360068895503803e-05,-0.05
2.493220338983051,1.3235141808349703e-05,-0.05
2.543898305084746,1.3111924682950173e-05,-0.05
2.594576271186441,1.2991570511943834e-05,-0.05
2.645254237288136,1.2873692210144844e-05,-0.05
2.6959322033898308,1.2758373935986027e-05,-0.05
2.7466101694915257,1.2645634414929575e-05,-0.05
2.7972881355932206,1.2535526675640045e-05,-0.05
2.847966101694915,1.2428139097024943e-05,-0.05
2.89864406779661,1.2323291898710024e-05,-0.05
2.949322033898305,1.2221295755999105e-05,-0.05
3.0,1.2121814892739995e-05,-0.05
0.01,7.559856663220255e-05,-0.2
0.06067796610169492,7.495952927205629e-05,-0.2
0.11135593220338984,7.28988660182932e-05,-0.2
0.16203389830508477,6.871842107812769e-05,-0.2
0.2127118644067797,6.447442652935714e-05,-0.2
0.26338983050847464,5.8990420678876346e-05,-0.2
0.31406779661016954,5.338710640469775e-05,-0.2
0.36474576271186443,4.862409554098392e-05,-0.2
0.4154237288135594,4.467734269102823e-05,-0.2
0.4661016949152543,4.143831619405262e-05,-0.2
0.5167796610169493,3.863015920614499e-05,-0.2
0.5674576271186441,3.5762886179656946e-05,-0.2
0.6181355932203391,3.2999428002478714e-05,-0.2
0.668813559322034,3.056546305277555e-05,-0.2
0.7194915254237289,2.862439449264898e-05,-0.2
0.7701694915254238,2.717104377348965e-05,-0.2
0.8208474576271187,2.6092320298157246e-05,-0.2
0.8715254237288137,2.5274969891081652e-05,-0.2
0.9222033898305086,2.4615066787045394e-05,-0.2
0.9728813559322035,2.3940488014822815e-05,-0.2
1.0235593220338985,2.317496475912916e-05,-0.2
1.0742372881355933,2.232488827629868e-05,-0.2
1.1249152542372882,2.1411672803952486e-05,-0.2
1.1755932203389832,2.0484044821489547e-05,-0.2
1.2262711864406781,1.958531522334521e-05,-0.2
1.276949152542373,1.8741387674412025e-05,-0.2
1.327627118644068,1.797657732051619e-05,-0.2
1.378305084745763,1.7300802788334934e-05,-0.2
1.4289830508474577,1.6705863367359965e-05,-0.2
1.4796610169491526,1.6180620818455818e-05,-0.2
1.5303389830508476,1.57152015580854e-05,-0.2
1.5810169491525425,1.5300241046611723e-05,-0.2
1.6316949152542375,1.4926708492125914e-05,-0.2
1.6823728813559324,1.4587346415935525e-05,-0.2
1.7330508474576274,1.4278604493049844e-05,-0.2
1.7837288135593223,1.399720623140918e-05,-0.2
1.8344067796610173,1.37396793786002e-05,-0.2
1.885084745762712,1.3502590790585694e-05,-0.2
1.935762711864407,1.3283179223330925e-05,-0.2
1.986440677966102,1.307910010996323e-05,-0.2
2.037118644067797,1.2888574459452715e-05,-0.2
2.0877966101694914,1.2710246397258859e-05,-0.2
2.1384745762711863,1.2542712846760434e-05,-0.2
2.1891525423728813,1.2384718120795393e-05,-0.2
2.239830508474576,1.223535965119392e-05,-0.2
2.290508474576271,1.2093158515979418e-05,-0.2
2.341186440677966,1.195584603427053e-05,-0.2
2.391864406779661,1.1822753223296873e-05,-0.2
2.442542372881356,1.1693231837638739e-05,-0.2
2.493220338983051,1.1566776300066719e-05,-0.2
2.543898305084746,1.1443429592465895e-05,-0.2
2.594576271186441,1.1323098086999509e-05,-0.2
2.645254237288136,1.1205551628207385e-05,-0.2
2.6959322033898308,1.1090923278562149e-05,-0.2
2.7466101694915257,1.0979216012300635e-05,-0.2
2.7972881355932206,1.0870367151428481e-05,-0.2
2.847966101694915,1.076437479601617e-05,-0.2
2.89864406779661,1.0661149719264003e-05,-0.2
2.949322033898305,1.0560881679692319e-05,-0.2
3.0,1.046313190367073e-05,-0.2
0.01,7.559620790469126e-05,-0.4
0.06067796610169492,7.495555072523412e-05,-0.4
0.11135593220338984,7.288812045885221e-05,-0.4
0.16203389830508477,6.871826669966408e-05,-0.4
0.2127118644067797,6.442684260540164e-05,-0.4
0.26338983050847464,5.899870762376797e-05,-0.4
0.31406779661016954,5.33967599247754e-05,-0.4
0.36474576271186443,4.8613999575727017e-05,-0.4
0.4154237288135594,4.4634038817988916e-05,-0.4
0.4661016949152543,4.135478466527487e-05,-0.4
0.5167796610169493,3.847138896242285e-05,-0.4
0.5674576271186441,3.562013826274492e-05,-0.4
0.6181355932203391,3.287129624876085e-05,-0.4
0.668813559322034,3.04499243967892e-05,-0.4
0.7194915254237289,2.8496255370625074e-05,-0.4
0.7701694915254238,2.70181282569494e-05,-0.4
0.8208474576271187,2.5911602736094023e-05,-0.4
0.8715254237288137,2.507018452728565e-05,-0.4
0.9222033898305086,2.4371126369991488e-05,-0.4
0.9728813559322035,2.3676560544355116e-05,-0.4
1.0235593220338985,2.290494202803733e-05,-0.4
1.0742372881355933,2.2051310688123963e-05,-0.4
1.1249152542372882,2.1144875540710986e-05,-0.4
1.1755932203389832,2.0224759383802766e-05,-0.4
1.2262711864406781,1.933083998495204e-05,-0.4
1.276949152542373,1.8492010644940518e-05,-0.4
1.327627118644068,1.7729557806863873e-05,-0.4
1.378305084745763,1.705253838426419e-05,-0.4
1.4289830508474577,1.6455697878425825e-05,-0.4
1.4796610169491526,1.592846526071272e-05,-0.4
1.5303389830508476,1.5460861395207592e-05,-0.4
1.5810169491525425,1.504356887739313e-05,-0.4
1.6316949152542375,1.4668047568889365e-05,-0.4
1.6823728813559324,1.4327763607353964e-05,-0.4
1.7330508474576274,1.40178272556997e-05,-0.4
1.7837288135593223,1.3734823996137582e-05,-0.4
1.8344067796610173,1.3475607756702695e-05,-0.4
1.885084745762712,1.3236897919951554e-05,-0.4
1.935762711864407,1.3016108193193437e-05,-0.4
1.986440677966102,1.281074292255786e-05,-0.4
2.037118644067797,1.261904921975834e-05,-0.4
2.0877966101694914,1.2439590039828444e-05,-0.4
2.1384745762711863,1.2270986053868793e-05,-0.4
2.1891525423728813,1.2112027192294098e-05,-0.4
2.239830508474576,1.1961714243019236e-05,-0.4
2.290508474576271,1.181836009510208e-05,-0.4
2.341186440677966,1.1680303109528025e-05,-0.4
2.391864406779661,1.1546569180663558e-05,-0.4
2.442542372881356,1.1416592594847525e-05,-0.4
2.493220338983051,1.1289860781227531e-05,-0.4
2.543898305084746,1.1166383529995006e-05,-0.4
2.594576271186441,1.1045976201914965e-05,-0.4
2.645254237288136,1.0928490261788656e-05,-0.4
2.6959322033898308,1.081400401909332e-05,-0.4
2.7466101694915257,1.0702457057041859e-05,-0.4
2.7972881355932206,1.0593805676752446e-05,-0.4
2.847966101694915,1.0488016941624437e-05,-0.4
2.89864406779661,1.0385104016054336e-05,-0.4
2.949322033898305,1.028496923930585e-05,-0.4
3.0,1.018751831208034e-05,-0.4
0.01,7.559248627890557e-05,-0.6
0.06067796610169492,7.495234305898882e-05,-0.6
0.11135593220338984,7.288539817967825e-05,-0.6
0.16203389830508477,6.875369032961557e-05,-0.6
0.2127118644067797,6.442748235506642e-05,-0.6
0.26338983050847464,5.911276261168548e-05,-0.6
0.31406779661016954,5.35544773109652e-05,-0.6
0.36474576271186443,4.876206740015997e-05,-0.6
0.4154237288135594,4.475641751928845e-05,-0.6
0.4661016949152543,4.142894869894868e-05,-0.6
0.5167796610169493,3.8471103605733284e-05,-0.6
0.5674576271186441,3.563974889078504e-05,-0.6
0.6181355932203391,3.29303948964871e-05,-0.6
0.668813559322034,3.05316718988866e-05,-0.6
0.7194915254237289,2.8570840307806298e-05,-0.6
0.7701694915254238,2.705856838908625e-05,-0.6
0.8208474576271187,2.591834636551305e-05,-0.6
0.8715254237288137,2.504163542496725e-05,-0.6
0.9222033898305086,2.4299481592693285e-05,-0.6
0.9728813559322035,2.357955002585755e-05,-0.6
1.0235593220338985,2.2803184256117384e-05,-0.6
1.0742372881355933,2.1953586003651482e-05,-0.6
1.1249152542372882,2.10576679987439e-05,-0.6
1.1755932203389832,2.0150650062762234e-05,-0.6
1.2262711864406781,1.9265818879741318e-05,-0.6
1.276949152542373,1.8433981316774684e-05,-0.6
1.327627118644068,1.7674405375951303e-05,-0.6
1.378305084745763,1.699517235247835e-05,-0.6
1.4289830508474577,1.6394673837222554e-05,-0.6
1.4796610169491526,1.5863888158700106e-05,-0.6
1.5303389830508476,1.539286764004449e-05,-0.6
1.5810169491525425,1.4972342039392396e-05,-0.6
1.6316949152542375,1.459446202768363e-05,-0.6
1.6823728813559324,1.4252669749707762e-05,-0.6
1.7330508474576274,1.3941487318574436e-05,-0.6
1.7837288135593223,1.3656905082010714e-05,-0.6
1.8344067796610173,1.3395986211884831e-05,-0.6
1.885084745762712,1.315574963959449e-05,-0.6
1.935762711864407,1.293351674658918e-05,-0.6
1.986440677966102,1.2726963862669588e-05,-0.6
2.037118644067797,1.2534292469967299e-05,-0.6
2.0877966101694914,1.235395610521162e-05,-0.6
2.1384745762711863,1.2184514175979755e-05,-0.6
2.1891525423728813,1.2024852232907734e-05,-0.6
2.239830508474576,1.1873635507768725e-05,-0.6
2.290508474576271,1.172929955175484e-05,-0.6
2.341186440677966,1.1590599632402558e-05,-0.6
2.391864406779661,1.1456412536633669e-05,-0.6
2.442542372881356,1.1326085684477252e-05,-0.6
2.493220338983051,1.1199175086541025e-05,-0.6
2.543898305084746,1.1075572171987402e-05,-0.6
2.594576271186441,1.0955075324620655e-05,-0.6
2.645254237288136,1.083757000478501e-05,-0.6
2.6959322033898308,1.0723103002394199e-05,-0.6
2.7466101694915257,1.061159663265576e-05,-0.6
2.7972881355932206,1.0502969287474459e-05,-0.6
2.847966101694915,1.0397228027216862e-05,-0.6
2.89864406779661,1.0294325254700211e-05,-0.6
2.949322033898305,1.0194219281118528e-05,-0.6
3.0,1.0096837690436558e-05,-0.6
0.01,7.558745019260479e-05,-0.8
0.06067796610169492,7.494856525612984e-05,-0.8
0.11135593220338984,7.288586966912921e-05,-0.8
0.16203389830508477,6.880990297535962e-05,-0.8
0.2127118644067797,6.445639528118992e-05,-0.8
0.26338983050847464,5.927657777015779e-05,-0.8
0.31406779661016954,5.3802640854973984e-05,-0.8
0.36474576271186443,4.900218622531258e-05,-0.8
0.4154237288135594,4.4970779475953386e-05,-0.8
0.4661016949152543,4.157853657949387e-05,-0.8
0.5167796610169493,3.854953254938861e-05,-0.8
0.5674576271186441,3.5723040118995186e-05,-0.8
0.6181355932203391,3.306809963582201e-05,-0.8
0.668813559322034,3.070026108324677e-05,-0.8
0.7194915254237289,2.8733165746121686e-05,-0.8
0.7701694915254238,2.7181779936518197e-05,-0.8
0.8208474576271187,2.59979165606416e-05,-0.8
0.8715254237288137,2.507095362122576e-05,-0.8
0.9222033898305086,2.4279446435366562e-05,-0.8
0.9728813559322035,2.3525534616908146e-05,-0.8
1.0235593220338985,2.2741342110886923e-05,-0.8
1.0742372881355933,2.1899495335900374e-05,-0.8
1.1249152542372882,2.101734735870395e-05,-0.8
1.1755932203389832,2.0125696593828574e-05,-0.8
1.2262711864406781,1.925458383454986e-05,-0.8
1.276949152542373,1.8431729361811287e-05,-0.8
1.327627118644068,1.767570242953701e-05,-0.8
1.378305084745763,1.6994636172501238e-05,-0.8
1.4289830508474577,1.6389331919600337e-05,-0.8
1.4796610169491526,1.585353966423365e-05,-0.8
1.5303389830508476,1.53778279654772e-05,-0.8
1.5810169491525425,1.4953288737936237e-05,-0.8
1.6316949152542375,1.4572209980121185e-05,-0.8
1.6823728813559324,1.422797870987231e-05,-0.8
1.7330508474576274,1.3914922515121023e-05,-0.8
1.7837288135593223,1.3628552942036599e-05,-0.8
1.8344067796610173,1.3365614002664662e-05,-0.8
1.885084745762712,1.3123449807687136e-05,-0.8
1.935762711864407,1.2899544551111312e-05,-0.8
1.986440677966102,1.2691591290515898e-05,-0.8
2.037118644067797,1.249769389170939e-05,-0.8
2.0877966101694914,1.2316304598638172e-05,-0.8
2.1384745762711863,1.2145944237777778e-05,-0.8
2.1891525423728813,1.1985297914887022e-05,-0.8
2.239830508474576,1.1833014206406229e-05,-0.8
2.290508474576271,1.1687748621975181e-05,-0.8
2.341186440677966,1.1548244582210569e-05,-0.8
2.391864406779661,1.1413491365256945e-05,-0.8
2.442542372881356,1.128280529894107e-05,-0.8
2.493220338983051,1.115568973697269e-05,-0.8
2.543898305084746,1.1031930022177537e-05,-0.8
2.594576271186441,1.0911332263946648e-05,-0.8
2.645254237288136,1.0793793250712997e-05,-0.8
2.6959322033898308,1.0679259956776424e-05,-0.8
2.7466101694915257,1.0567704967998925e-05,-0.8
2.7972881355932206,1.045908106422509e-05,-0.8
2.847966101694915,1.0353303675065192e-05,-0.8
2.89864406779661,1.0250383531404291e-05,-0.8
2.949322033898305,1.0150231189102971e-05,-0.8
3.0,1.0052842823288699e-05,-0.8
0.01,7.558122157952284e-05,-1.0
0.06067796610169492,7.494385702526444e-05,-1.0
0.11135593220338984,7.288842812151403e-05,-1.0
0.16203389830508477,6.888251609741115e-05,-1.0
0.2127118644067797,6.451231521606683e-05,-1.0
0.26338983050847464,5.946368080197745e-05,-1.0
0.31406779661016954,5.412146308888877e-05,-1.0
0.36474576271186443,4.932066218531633e-05,-1.0
0.4154237288135594,4.526012866850638e-05,-1.0
0.4661016949152543,4.179156805611662e-05,-1.0
0.5167796610169493,3.869493407771593e-05,-1.0
0.5674576271186441,3.585879642654081e-05,-1.0
0.6181355932203391,3.325554814158713e-05,-1.0
0.668813559322034,3.092717347686278e-05,-1.0
0.7194915254237289,2.895493467063233e-05,-1.0
0.7701694915254238,2.736566286847336e-05,-1.0
0.8208474576271187,2.612536130947414e-05,-1.0
0.8715254237288137,2.513682619299972e-05,-1.0
0.9222033898305086,2.428906338830871e-05,-1.0
0.9728813559322035,2.349494445150665e-05,-1.0
1.0235593220338985,2.269659679883238e-05,-1.0
1.0742372881355933,2.186346379513889e-05,-1.0
1.1249152542372882,2.099750738043045e-05,-1.0
1.1755932203389832,2.01229798851831e-05,-1.0
1.2262711864406781,1.926845909637929e-05,-1.0
1.276949152542373,1.845683733702976e-05,-1.0
1.327627118644068,1.770540752341382e-05,-1.0
1.378305084745763,1.702335051152841e-05,-1.0
1.4289830508474577,1.64128917222074e-05,-1.0
1.4796610169491526,1.58708314993649e-05,-1.0
1.5303389830508476,1.53893718377834e-05,-1.0
1.5810169491525425,1.495987403929506e-05,-1.0
1.6316949152542375,1.457463211775763e-05,-1.0
1.6823728813559324,1.42270018537189e-05,-1.0
1.7330508474576274,1.391125523847928e-05,-1.0
1.7837288135593223,1.362262141178358e-05,-1.0
1.8344067796610173,1.33574652114446e-05,-1.0
1.885084745762712,1.311305628887277e-05,-1.0
1.935762711864407,1.288709338132538e-05,-1.0
1.986440677966102,1.267738880004114e-05,-1.0
2.037118644067797,1.248200779412014e-05,-1.0
2.0877966101694914,1.229931098781858e-05,-1.0
2.1384745762711863,1.21277653186936e-05,-1.0
2.1891525423728813,1.196591276858838e-05,-1.0
2.239830508474576,1.181241767965645e-05,-1.0
2.290508474576271,1.166604231220074e-05,-1.0
2.341186440677966,1.152561178778645e-05,-1.0
2.391864406779661,1.139021171153562e-05,-1.0
2.442542372881356,1.12590530858824e-05,-1.0
2.493220338983051,1.113162401351475e-05,-1.0
2.543898305084746,1.100766275385986e-05,-1.0
2.594576271186441,1.088690772706429e-05,-1.0
2.645254237288136,1.076927737782403e-05,-1.0
2.6959322033898308,1.065467144613075e-05,-1.0
2.7466101694915257,1.05430329813755e-05,-1.0
2.7972881355932206,1.043434905443599e-05,-1.0
2.847966101694915,1.032852732379054e-05,-1.0
2.89864406779661,1.022553382891745e-05,-1.0
2.949322033898305,1.012533737150872e-05,-1.0
3.0,1.002786728969053e-05,-1.0
0.01,7.559580636540263e-05,0.05
0.06067796610169492,7.493381799907487e-05,0.05
0.11135593220338984,7.279438464209379e-05,0.05
0.16203389830508477,6.843680464688178e-05,0.05
0.2127118644067797,6.396377351656856e-05,0.05
0.26338983050847464,5.814006724259428e-05,0.05
0.31406779661016954,5.229836804950052e-05,0.05
0.36474576271186443,4.7333073469362256e-05,0.05
0.4154237288135594,4.318814004120174e-05,0.05
0.4661016949152543,3.9759931975640755e-05,0.05
0.5167796610169493,3.679280867089916e-05,0.05
0.5674576271186441,3.3781896330093956e-05,0.05
0.6181355932203391,3.0920158970766776e-05,0.05
0.668813559322034,2.8417700704753937e-05,0.05
0.7194915254237289,2.6430319812298642e-05,0.05
0.7701694915254238,2.492327612506764e-05,0.05
0.8208474576271187,2.378051859042104e-05,0.05
0.8715254237288137,2.2886986458035117e-05,0.05
0.9222033898305086,2.214873648760194e-05,0.05
0.9728813559322035,2.139443821915188e-05,0.05
1.0235593220338985,2.0563346800228098e-05,0.05
1.0742372881355933,1.96707433057074e-05,0.05
1.1249152542372882,1.8729801568355632e-05,0.05
1.1755932203389832,1.778904123236972e-05,0.05
1.2262711864406781,1.6886895487042443e-05,0.05
1.276949152542373,1.6046409193037044e-05,0.05
1.327627118644068,1.5289098125793094e-05,0.05
1.378305084745763,1.462041984058755e-05,0.05
1.4289830508474577,1.4030495788717099e-05,0.05
1.4796610169491526,1.3507654239746706e-05,0.05
1.5303389830508476,1.3041821304692197e-05,0.05
1.5810169491525425,1.2623926318640287e-05,0.05
1.6316949152542375,1.2246006105531778e-05,0.05
1.6823728813559324,1.1901301933034649e-05,0.05
1.7330508474576274,1.1586435834195142e-05,0.05
1.7837288135593223,1.1298931638340817e-05,0.05
1.8344067796610173,1.1034461812926004e-05,0.05
1.885084745762712,1.0789988309546592e-05,0.05
1.935762711864407,1.0563016302196188e-05,0.05
1.986440677966102,1.0351822750243009e-05,0.05
2.037118644067797,1.0154083799236747e-05,0.05
2.0877966101694914,9.968920670954952e-06,0.05
2.1384745762711863,9.794466419852432e-06,0.05
2.1891525423728813,9.630289999854789e-06,0.05
2.239830508474576,9.475225516429737e-06,0.05
2.290508474576271,9.327029596642256e-06,0.05
2.341186440677966,9.184757135410276e-06,0.05
2.391864406779661,9.047297476986607e-06,0.05
2.442542372881356,8.914030647239744e-06,0.05
2.493220338983051,8.78574733652135e-06,0.05
2.543898305084746,8.661641035515277e-06,0.05
2.594576271186441,8.541299623109259e-06,0.05
2.645254237288136,8.424645818801563e-06,0.05
2.6959322033898308,8.311039068605202e-06,0.05
2.7466101694915257,8.201219153968725e-06,0.05
2.7972881355932206,8.094278888685812e-06,0.05
2.847966101694915,7.990741151224123e-06,0.05
2.89864406779661,7.890205696043957e-06,0.05
2.949322033898305,7.792746176652004e-06,0.05
3.0,7.697903493402336e-06,0.05
0.01,7.559728213404715e-05,0.2
0.06067796610169492,7.494903911755885e-05,0.2
0.11135593220338984,7.285695370111485e-05,0.2
0.16203389830508477,6.8609248830863e-05,0.2
0.2127118644067797,6.426935552869995e-05,0.2
0.26338983050847464,5.8664152309807046e-05,0.2
0.31406779661016954,5.296693212563915e-05,0.2
0.36474576271186443,4.812307731247769e-05,0.2
0.4154237288135594,4.409554519107511e-05,0.2
0.4661016949152543,4.077836459940246e-05,0.2
0.5167796610169493,3.789998715490466e-05,0.2
0.5674576271186441,3.4979424082201896e-05,0.2
0.6181355932203391,3.217912459684606e-05,0.2
0.668813559322034,2.971978605116888e-05,0.2
0.7194915254237289,2.775743457684661e-05,0.2
0.7701694915254238,2.6280204051088813e-05,0.2
0.8208474576271187,2.5173237361055877e-05,0.2
0.8715254237288137,2.432370457707027e-05,0.2
0.9222033898305086,2.3628920517243408e-05,0.2
0.9728813559322035,2.2921799340262868e-05,0.2
1.0235593220338985,2.2130629454734212e-05,0.2
1.0742372881355933,2.1263363623141196e-05,0.2
1.1249152542372882,2.034003813265438e-05,0.2
1.1755932203389832,1.9407891466449958e-05,0.2
1.2262711864406781,1.8508337547051274e-05,0.2
1.276949152542373,1.766617268022719e-05,0.2
1.327627118644068,1.690419781333701e-05,0.2
1.378305084745763,1.623093791837038e-05,0.2
1.4289830508474577,1.5637654580125305e-05,0.2
1.4796610169491526,1.5113111547442043e-05,0.2
1.5303389830508476,1.4647271157887753e-05,0.2
1.5810169491525425,1.4230986877842088e-05,0.2
1.6316949152542375,1.3855617729128593e-05,0.2
1.6823728813559324,1.3513972602315494e-05,0.2
1.7330508474576274,1.3202697269797629e-05,0.2
1.7837288135593223,1.29188699296892e-05,0.2
1.8344067796610173,1.2658412781846345e-05,0.2
1.885084745762712,1.241820866891118e-05,0.2
1.935762711864407,1.2195905357987025e-05,0.2
1.986440677966102,1.1988881839606985e-05,0.2
2.037118644067797,1.1795419388600906e-05,0.2
2.0877966101694914,1.1614317237325225e-05,0.2
2.1384745762711863,1.1443858377946829e-05,0.2
2.1891525423728813,1.1283366704091063e-05,0.2
2.239830508474576,1.1131668607415439e-05,0.2
2.290508474576271,1.0987011036063651e-05,0.2
2.341186440677966,1.0847781049659649e-05,0.2
2.391864406779661,1.0712943535861125e-05,0.2
2.442542372881356,1.058205002957916e-05,0.2
2.493220338983051,1.0454751660364088e-05,0.2
2.543898305084746,1.0331018761985345e-05,0.2
2.594576271186441,1.0210534226807244e-05,0.2
2.645254237288136,1.0093305006399448e-05,0.2
2.6959322033898308,9.979143166592004e-06,0.2
2.7466101694915257,9.868132493034633e-06,0.2
2.7972881355932206,9.760126029861868e-06,0.2
2.847966101694915,9.65517253416161e-06,0.2
2.89864406779661,9.55291308007848e-06,0.2
2.949322033898305,9.453722668291224e-06,0.2
3.0,9.35725966982416e-06,0.2
0.01,7.559556177592059e-05,0.4
0.06067796610169492,7.495024254267182e-05,0.4
0.11135593220338984,7.286709936389102e-05,0.4
0.16203389830508477,6.866378346535522e-05,0.4
0.2127118644067797,6.43243932351242e-05,0.4
0.26338983050847464,5.88391950972531e-05,0.4
0.31406779661016954,5.3189000198395975e-05,0.4
0.36474576271186443,4.836508826337937e-05,0.4
0.4154237288135594,4.434501229513405e-05,0.4
0.4661016949152543,4.10268107148032e-05,0.4
0.5167796610169493,3.811010088667167e-05,0.4
0.5674576271186441,3.5231983276589696e-05,0.4
0.6181355932203391,3.246403742748457e-05,0.4
0.668813559322034,3.00284629350801e-05,0.4
0.7194915254237289,2.8062511324866298e-05,0.4
0.7701694915254238,2.6571981594722826e-05,0.4
0.8208474576271187,2.5451328118052725e-05,0.4
0.8715254237288137,2.4593933108013823e-05,0.4
0.9222033898305086,2.387872901978873e-05,0.4
0.9728813559322035,2.3169092419677615e-05,0.4
1.0235593220338985,2.2385072805554645e-05,0.4
1.0742372881355933,2.152271457386752e-05,0.4
1.1249152542372882,2.0610771744539477e-05,0.4
1.1755932203389832,1.96878318149274e-05,0.4
1.2262711864406781,1.879322704723783e-05,0.4
1.276949152542373,1.795485145624341e-05,0.4
1.327627118644068,1.7193325913069166e-05,0.4
1.378305084745763,1.6517385398954593e-05,0.4
1.4289830508474577,1.592126916658929e-05,0.4
1.4796610169491526,1.539441415048194e-05,0.4
1.5303389830508476,1.4926640304784641e-05,0.4
1.5810169491525425,1.4508837802534658e-05,0.4
1.6316949152542375,1.4132433723424385e-05,0.4
1.6823728813559324,1.3790998404662784e-05,0.4
1.7330508474576274,1.3479796789202025e-05,0.4
1.7837288135593223,1.3195543952592052e-05,0.4
1.8344067796610173,1.2934971286854558e-05,0.4
1.885084745762712,1.269478408315617e-05,0.4
1.935762711864407,1.2472476488599208e-05,0.4
1.986440677966102,1.2265730766703333e-05,0.4
2.037118644067797,1.207263213949411e-05,0.4
2.0877966101694914,1.1891727910777019e-05,0.4
2.1384745762711863,1.1721749652339908e-05,0.4
2.1891525423728813,1.1561564969582653e-05,0.4
2.239830508474576,1.1410061769788824e-05,0.4
2.290508474576271,1.1265567238456987e-05,0.4
2.341186440677966,1.112651274455349e-05,0.4
2.391864406779661,1.0991973832130407e-05,0.4
2.442542372881356,1.0861310956321972e-05,0.4
2.493220338983051,1.073417755758143e-05,0.4
2.543898305084746,1.061045871336914e-05,0.4
2.594576271186441,1.0489921989345241e-05,0.4
2.645254237288136,1.0372559424989883e-05,0.4
2.6959322033898308,1.0258229071381144e-05,0.4
2.7466101694915257,1.014701897311325e-05,0.4
2.7972881355932206,1.0038758986259403e-05,0.4
2.847966101694915,9.933450418012759e-06,0.4
2.89864406779661,9.830973869989821e-06,0.4
2.949322033898305,9.731425734088134e-06,0.4
3.0,9.634612825315965e-06,0.4
0.01,7.559205058124911e-05,0.6
0.06067796610169492,7.494873810266407e-05,0.6
0.11135593220338984,7.287132782037385e-05,0.6
0.16203389830508477,6.871754963457907e-05,0.6
0.2127118644067797,6.435961442730782e-05,0.6
0.26338983050847464,5.9010061724990874e-05,0.6
0.31406779661016954,5.341883582297145e-05,0.6
0.36474576271186443,4.859797769105698e-05,0.6
0.4154237288135594,4.456573233009935e-05,0.6
0.4661016949152543,4.121292224625972e-05,0.6
0.5167796610169493,3.823394364312222e-05,0.6
0.5674576271186441,3.538494618318615e-05,0.6
0.6181355932203391,3.266190843128957e-05,0.6
0.668813559322034,3.0252248089550765e-05,0.6
0.7194915254237289,2.828170262599785e-05,0.6
0.7701694915254238,2.6760498073018235e-05,0.6
0.8208474576271187,2.5610693333653518e-05,0.6
0.8715254237288137,2.47237410562184e-05,0.6
0.9222033898305086,2.3971894265767802e-05,0.6
0.9728813559322035,2.32431087607552e-05,0.6
1.0235593220338985,2.2459039427578616e-05,0.6
1.0742372881355933,2.1603463377756484e-05,0.6
1.1249152542372882,2.07034929370291e-05,0.6
1.1755932203389832,1.9794094747316367e-05,0.6
1.2262711864406781,1.890832140826285e-05,0.6
1.276949152542373,1.8076350842120602e-05,0.6
1.327627118644068,1.73169785157751e-05,0.6
1.378305084745763,1.6638178968507893e-05,0.6
1.4289830508474577,1.6038077283995875e-05,0.6
1.4796610169491526,1.5507521301113485e-05,0.6
1.5303389830508476,1.5036442091796515e-05,0.6
1.5810169491525425,1.4615636383510597e-05,0.6
1.6316949152542375,1.4237275370200817e-05,0.6
1.6823728813559324,1.3894766703184091e-05,0.6
1.7330508474576274,1.3582752740350232e-05,0.6
1.7837288135593223,1.3297304521087061e-05,0.6
1.8344067796610173,1.303545180345033e-05,0.6
1.885084745762712,1.2794304352268909e-05,0.6
1.935762711864407,1.2571169325067172e-05,0.6
1.986440677966102,1.236375099643961e-05,0.6
2.037118644067797,1.217012584925316e-05,0.6
2.0877966101694914,1.1988871264619537e-05,0.6
2.1384745762711863,1.1818553326387694e-05,0.6
2.1891525423728813,1.1658058260691198e-05,0.6
2.239830508474576,1.1506046492190719e-05,0.6
2.290508474576271,1.1361063098255477e-05,0.6
2.341186440677966,1.1221692649229522e-05,0.6
2.391864406779661,1.1087003644037734e-05,0.6
2.442542372881356,1.0956239654427356e-05,0.6
2.493220338983051,1.0829047729460144e-05,0.6
2.543898305084746,1.0705216791758356e-05,0.6
2.594576271186441,1.0584652823773395e-05,0.6
2.645254237288136,1.046716607821503e-05,0.6
2.6959322033898308,1.0352782038836685e-05,0.6
2.7466101694915257,1.0241409377903715e-05,0.6
2.7972881355932206,1.0133023804168656e-05,0.6
2.847966101694915,1.0027588493381914e-05,0.6
2.89864406779661,9.925004625959167e-06,0.6
2.949322033898305,9.825258472866847e-06,0.6
3.0,9.728275050998681e-06,0.6
0.01,7.558711727781996e-05,0.8
0.06067796610169492,7.494579375990165e-05,0.8
0.11135593220338984,7.287526881555899e-05,0.8
0.16203389830508477,6.878305463073876e-05,0.8
0.2127118644067797,6.440621335227414e-05,0.8
0.26338983050847464,5.920282617821125e-05,0.8
0.31406779661016954,5.3704140695760875e-05,0.8
0.36474576271186443,4.8881208036289274e-05,0.8
0.4154237288135594,4.482981189001416e-05,0.8
0.4661016949152543,4.1419400383137083e-05,0.8
0.5167796610169493,3.8375195109347804e-05,0.8
0.5674576271186441,3.553589743293202e-05,0.8
0.6181355932203391,3.286980769078944e-05,0.8
0.668813559322034,3.0492324521810983e-05,0.8
0.7194915254237289,2.8516755264975624e-05,0.8
0.7701694915254238,2.695775336477751e-05,0.8
0.8208474576271187,2.57664738432342e-05,0.8
0.8715254237288137,2.4832416153436075e-05,0.8
0.9222033898305086,2.403449874589735e-05,0.8
0.9728813559322035,2.3274939659628537e-05,0.8
1.0235593220338985,2.2485558614103812e-05,0.8
1.0742372881355933,2.1639185532151034e-05,0.8
1.1249152542372882,2.075360942351089e-05,0.8
1.1755932203389832,1.9859829741845464e-05,0.8
1.2262711864406781,1.8987433108082662e-05,0.8
1.276949152542373,1.8164004674228548e-05,0.8
1.327627118644068,1.7407793655330876e-05,0.8
1.378305084745763,1.6726764112519574e-05,0.8
1.4289830508474577,1.6121612472110748e-05,0.8
1.4796610169491526,1.5585955967816074e-05,0.8
1.5303389830508476,1.5110241316092474e-05,0.8
1.5810169491525425,1.4685534047022775e-05,0.8
1.6316949152542375,1.4304153642670713e-05,0.8
1.6823728813559324,1.3959462706719024e-05,0.8
1.7330508474576274,1.3645802990016401e-05,0.8
1.7837288135593223,1.3358774503467163e-05,0.8
1.8344067796610173,1.3095171757761524e-05,0.8
1.885084745762712,1.2852376818694674e-05,0.8
1.935762711864407,1.262783549029705e-05,0.8
1.986440677966102,1.2419223420421189e-05,0.8
2.037118644067797,1.2224699066704338e-05,0.8
2.0877966101694914,1.2042647484269345e-05,0.8
2.1384745762711863,1.1871655803526749e-05,0.8
2.1891525423728813,1.1710421063015781e-05,0.8
2.239830508474576,1.1557590378846867e-05,0.8
2.290508474576271,1.1411812468567635e-05,0.8
2.341186440677966,1.1271860080752208e-05,0.8
2.391864406779661,1.1136790647209405e-05,0.8
2.442542372881356,1.1005764188215958e-05,0.8
2.493220338983051,1.087841309546464e-05,0.8
2.543898305084746,1.075445045093919e-05,0.8
2.594576271186441,1.0633744416863043e-05,0.8
2.645254237288136,1.051619025468213e-05,0.8
2.6959322033898308,1.0401692509139775e-05,0.8
2.7466101694915257,1.0290223248169972e-05,0.8
2.7972881355932206,1.018173105628861e-05,0.8
2.847966101694915,1.0076153770968387e-05,0.8
2.89864406779661,9.973479133359531e-06,0.8
2.949322033898305,9.873589592382417e-06,0.8
3.0,9.776460833211808e-06,0.8
0.01,7.558094818170572e-05,1.0
0.06067796610169492,7.494157588162347e-05,1.0
0.11135593220338984,7.28799030657511e-05,1.0
0.16203389830508477,6.886134775518273e-05,1.0
0.2127118644067797,6.447304717005331e-05,1.0
0.26338983050847464,5.940733441546519e-05,1.0
0.31406779661016954,5.404599290149974e-05,1.0
0.36474576271186443,4.922628862071268e-05,1.0
0.4154237288135594,4.51495051968719e-05,1.0
0.4661016949152543,4.166719285607084e-05,1.0
0.5167796610169493,3.855887083529555e-05,1.0
0.5674576271186441,3.571270071015693e-05,1.0
0.6181355932203391,3.309994094357801e-05,1.0
0.668813559322034,3.076261158761539e-05,1.0
0.7194915254237289,2.878254736688463e-05,1.0
0.7701694915254238,2.718624156912264e-05,1.0
0.8208474576271187,2.593981336171389e-05,1.0
0.8715254237288137,2.494609703294286e-05,1.0
0.9222033898305086,2.409394555723139e-05,1.0
0.9728813559322035,2.329599495294198e-05,1.0
1.0235593220338985,2.249404174851734e-05,1.0
1.0742372881355933,2.165738128047538e-05,1.0
1.1249152542372882,2.078846525479531e-05,1.0
1.1755932203389832,1.991180065258986e-05,1.0
1.2262711864406781,1.90558014560286e-05,1.0
1.276949152542373,1.824322738997638e-05,1.0
1.327627118644068,1.749132169421845e-05,1.0
1.378305084745763,1.6809044427416e-05,1.0
1.4289830508474577,1.61985161616167e-05,1.0
1.4796610169491526,1.565650016026264e-05,1.0
1.5303389830508476,1.517501326340237e-05,1.0
1.5810169491525425,1.474543832168773e-05,1.0
1.6316949152542375,1.436002249408592e-05,1.0
1.6823728813559324,1.401207682847281e-05,1.0
1.7330508474576274,1.369590586438261e-05,1.0
1.7837288135593223,1.340678486432431e-05,1.0
1.8344067796610173,1.314111540241962e-05,1.0
1.885084745762712,1.289621133918386e-05,1.0
1.935762711864407,1.266977200791114e-05,1.0
1.986440677966102,1.245958630813745e-05,1.0
2.037118644067797,1.226371588328095e-05,1.0
2.0877966101694914,1.208051842140172e-05,1.0
2.1384745762711863,1.190851112677641e-05,1.0
2.1891525423728813,1.174622520027377e-05,1.0
2.239830508474576,1.159233827052094e-05,1.0
2.290508474576271,1.144556261751315e-05,1.0
2.341186440677966,1.130482514657922e-05,1.0
2.391864406779661,1.116914913225394e-05,1.0
2.442542372881356,1.103774299168126e-05,1.0
2.493220338983051,1.091011948206181e-05,1.0
2.543898305084746,1.078597730404512e-05,1.0
2.594576271186441,1.066512726279101e-05,1.0
2.645254237288136,1.054742468794843e-05,1.0
2.6959322033898308,1.043280983691669e-05,1.0
2.7466101694915257,1.032121891483651e-05,1.0
2.7972881355932206,1.021261305399022e-05,1.0
2.847966101694915,1.010690886880786e-05,1.0
2.89864406779661,1.000408796867527e-05,1.0
2.949322033898305,9.904070128061804e-06,1.0
3.0,9.8068077886961e-06,1.0
0.01,7.557353501172603e-05,1.2
0.06067796610169492,7.493579324627829e-05,1.2
0.11135593220338984,7.288517682558417e-05,1.2
0.16203389830508477,6.89511601634635e-05,1.2
0.2127118644067797,6.456370594341584e-05,1.2
0.26338983050847464,5.961795783924134e-05,1.2
0.31406779661016954,5.4433655124057344e-05,1.2
0.36474576271186443,4.963513243253056e-05,1.2
0.4154237288135594,4.5524530770213405e-05,1.2
0.4661016949152543,4.196697835037182e-05,1.2
0.5167796610169493,3.879564448261052e-05,1.2
0.5674576271186441,3.593231860712113e-05,1.2
0.6181355932203391,3.335458895398634e-05,1.2
0.668813559322034,3.106042228580684e-05,1.2
0.7194915254237289,2.908081111079079e-05,1.2
0.7701694915254238,2.7449009277994376e-05,1.2
0.8208474576271187,2.6138919822132825e-05,1.2
0.8715254237288137,2.507523925838487e-05,1.2
0.9222033898305086,2.416152808377496e-05,1.2
0.9728813559322035,2.331990513406955e-05,1.2
1.0235593220338985,2.2498910767366703e-05,1.2
1.0742372881355933,2.166829447861795e-05,1.2
1.1249152542372882,2.08168354618447e-05,1.2
1.1755932203389832,1.9959503820895793e-05,1.2
1.2262711864406781,1.9120762990892943e-05,1.2
1.276949152542373,1.8321178222366284e-05,1.2
1.327627118644068,1.7575154283406807e-05,1.2
1.378305084745763,1.6892685334229217e-05,1.2
1.4289830508474577,1.6277378903745202e-05,1.2
1.4796610169491526,1.5728252131124883e-05,1.2
1.5303389830508476,1.5239940645119277e-05,1.2
1.5810169491525425,1.4804410145455843e-05,1.2
1.6316949152542375,1.4413911771228484e-05,1.2
1.6823728813559324,1.4061729701862758e-05,1.2
1.7330508474576274,1.374212017882896e-05,1.2
1.7837288135593223,1.3450225731036227e-05,1.2
1.8344067796610173,1.3182135836748142e-05,1.2
1.885084745762712,1.2934870194125252e-05,1.2
1.935762711864407,1.2706147066561725e-05,1.2
1.986440677966102,1.2493955579842851e-05,1.2
2.037118644067797,1.229636762544285e-05,1.2
2.0877966101694914,1.2111677183977525e-05,1.2
2.1384745762711863,1.1938286952486642e-05,1.2
2.1891525423728813,1.177466093867176e-05,1.2
2.239830508474576,1.161949876867345e-05,1.2
2.290508474576271,1.1471550712062342e-05,1.2
2.341186440677966,1.1329840081498541e-05,1.2
2.391864406779661,1.1193411716977325e-05,1.2
2.442542372881356,1.1061486729727958e-05,1.2
2.493220338983051,1.0933478412249242e-05,1.2
2.543898305084746,1.080906328164111e-05,1.2
2.594576271186441,1.0688002609293942e-05,1.2
2.645254237288136,1.0570149111689925e-05,1.2
2.6959322033898308,1.04553968932749e-05,1.2
2.7466101694915257,1.0343666674389434e-05,1.2
2.7972881355932206,1.0234929759515667e-05,1.2
2.847966101694915,1.0129091842292393e-05,1.2
2.89864406779661,1.0026121476299001e-05,1.2
2.949322033898305,9.925967546576476e-06,1.2
3.0,9.828555362078234e-06,1.2
0.01,7.55648536012453e-05,1.4
0.06067796610169492,7.492797134613994e-05,1.4
0.11135593220338984,7.289064133420464e-05,1.4
0.16203389830508477,6.905024476583236e-05,1.4
0.2127118644067797,6.467914701052639e-05,1.4
0.26338983050847464,5.9842365710056545e-05,1.4
0.31406779661016954,5.484948991317872e-05,1.4
0.36474576271186443,5.0102746151790564e-05,1.4
0.4154237288135594,4.595410123030339e-05,1.4
0.4661016949152543,4.232460028597865e-05,1.4
0.5167796610169493,3.909136201168097e-05,1.4
0.5674576271186441,3.6203132969788214e-05,1.4
0.6181355932203391,3.364039950661193e-05,1.4
0.668813559322034,3.138045873582918e-05,1.4
0.7194915254237289,2.9408064601567955e-05,1.4
0.7701694915254238,2.7743023073671244e-05,1.4
0.8208474576271187,2.636760764506615e-05,1.4
0.8715254237288137,2.522600072887511e-05,1.4
0.9222033898305086,2.4245048091455337e-05,1.4
0.9728813559322035,2.3355270872172124e-05,1.4
1.0235593220338985,2.250990477198178e-05,1.4
1.0742372881355933,2.167824199845263e-05,1.4
1.1249152542372882,2.0843035577607544e-05,1.4
1.1755932203389832,2.000628488511331e-05,1.4
1.2262711864406781,1.918576267352936e-05,1.4
1.276949152542373,1.8399760540183814e-05,1.4
1.327627118644068,1.76615599842271e-05,1.4
1.378305084745763,1.6980264441051352e-05,1.4
1.4289830508474577,1.6361204982484194e-05,1.4
1.4796610169491526,1.5805095900794235e-05,1.4
1.5303389830508476,1.5309025017545465e-05,1.4
1.5810169491525425,1.4866420135831644e-05,1.4
1.6316949152542375,1.4469802184294893e-05,1.4
1.6823728813559324,1.411241861299847e-05,1.4
1.7330508474576274,1.3788478933242109e-05,1.4
1.7837288135593223,1.3493057731357502e-05,1.4
1.8344067796610173,1.3222029382374207e-05,1.4
1.885084745762712,1.2972131838796528e-05,1.4
1.935762711864407,1.2740886259239472e-05,1.4
1.986440677966102,1.252630912203215e-05,1.4
2.037118644067797,1.232663693476828e-05,1.4
2.0877966101694914,1.2140084442089172e-05,1.4
2.1384745762711863,1.1964962519493588e-05,1.4
2.1891525423728813,1.1799738523215837e-05,1.4
2.239830508474576,1.1643087938178258e-05,1.4
2.290508474576271,1.1493815901355236e-05,1.4
2.341186440677966,1.1350962432079673e-05,1.4
2.391864406779661,1.1213602000347888e-05,1.4
2.442542372881356,1.1081002676413573e-05,1.4
2.493220338983051,1.095251436622093e-05,1.4
2.543898305084746,1.0827736816422537e-05,1.4
2.594576271186441,1.0706407286446072e-05,1.4
2.645254237288136,1.0588360618620795e-05,1.4
2.6959322033898308,1.0473428011887679e-05,1.4
2.7466101694915257,1.0361542243988466e-05,1.4
2.7972881355932206,1.0252633861144136e-05,1.4
2.847966101694915,1.014665440397603e-05,1.4
2.89864406779661,1.00435226786263e-05,1.4
2.949322033898305,9.943210151514857e-06,1.4
3.0,9.845643991494608e-06,1.4
0.01,7.555482660266537e-05,1.6
0.06067796610169492,7.491783626044868e-05,1.6
0.11135593220338984,7.289573911827568e-05,1.6
0.16203389830508477,6.915584996041887e-05,1.6
0.2127118644067797,6.481855707359437e-05,1.6
0.26338983050847464,6.0085043271487926e-05,1.6
0.31406779661016954,5.527195188187926e-05,1.6
0.36474576271186443,5.061845060897186e-05,1.6
0.4154237288135594,4.643940401188541e-05,1.6
0.4661016949152543,4.2742105334166416e-05,1.6
0.5167796610169493,3.944950775656678e-05,1.6
0.5674576271186441,3.6529676916263475e-05,1.6
0.6181355932203391,3.396460991402231e-05,1.6
0.668813559322034,3.17199844754553e-05,1.6
0.7194915254237289,2.9758112045456262e-05,1.6
0.7701694915254238,2.8064300942744792e-05,1.6
0.8208474576271187,2.662527746841909e-05,1.6
0.8715254237288137,2.540381681393508e-05,1.6
0.9222033898305086,2.435043287127639e-05,1.6
0.9728813559322035,2.340892014059363e-05,1.6
1.0235593220338985,2.25337378894371e-05,1.6
1.0742372881355933,2.1693956419294074e-05,1.6
1.1249152542372882,2.0870013108699464e-05,1.6
1.1755932203389832,2.0053513803401758e-05,1.6
1.2262711864406781,1.925197154678157e-05,1.6
1.276949152542373,1.847999573738008e-05,1.6
1.327627118644068,1.7750667824003357e-05,1.6
1.378305084745763,1.7072372708024442e-05,1.6
1.4289830508474577,1.6450902133546153e-05,1.6
1.4796610169491526,1.5888604928090666e-05,1.6
1.5303389830508476,1.5384249165567987e-05,1.6
1.5810169491525425,1.4933554370067925e-05,1.6
1.6316949152542375,1.4529777512805593e-05,1.6
1.6823728813559324,1.4166256356273011e-05,1.6
1.7330508474576274,1.3837121672715919e-05,1.6
1.7837288135593223,1.353738000002748e-05,1.6
1.8344067796610173,1.326281504568663e-05,1.6
1.885084745762712,1.3009872957846367e-05,1.6
1.935762711864407,1.2775875035584199e-05,1.6
1.986440677966102,1.2558690069413532e-05,1.6
2.037118644067797,1.2356550782388393e-05,1.6
2.0877966101694914,1.2167742584194211e-05,1.6
2.1384745762711863,1.1990567686017525e-05,1.6
2.1891525423728813,1.1823472678217781e-05,1.6
2.239830508474576,1.166512627279902e-05,1.6
2.290508474576271,1.1514368961425118e-05,1.6
2.341186440677966,1.1370210168879893e-05,1.6
2.391864406779661,1.1231769441870282e-05,1.6
2.442542372881356,1.1098343809958611e-05,1.6
2.493220338983051,1.0969264562125506e-05,1.6
2.543898305084746,1.0844033870546118e-05,1.6
2.594576271186441,1.072236474175255e-05,1.6
2.645254237288136,1.0604044995894511e-05,1.6
2.6959322033898308,1.0488900588982612e-05,1.6
2.7466101694915257,1.0376828519635255e-05,1.6
2.7972881355932206,1.02677324361442e-05,1.6
2.847966101694915,1.016156630628707e-05,1.6
2.89864406779661,1.0058272584403806e-05,1.6
2.949322033898305,9.957780151126917e-06,1.6
3.0,9.860043940243305e-06,1.6
0.01,7.554329017670065e-05,1.8
0.06067796610169492,7.490534500139495e-05,1.8
0.11135593220338984,7.289989519966988e-05,1.8
0.16203389830508477,6.926497688863262e-05,1.8
0.2127118644067797,6.497992529065606e-05,1.8
0.26338983050847464,6.0347354474154555e-05,1.8
0.31406779661016954,5.568938359679694e-05,1.8
0.36474576271186443,5.1166150733219225e-05,1.8
0.4154237288135594,4.6978369315448994e-05,1.8
0.4661016949152543,4.3219741161699024e-05,1.8
0.5167796610169493,3.987164646075494e-05,1.8
0.5674576271186441,3.691443595190693e-05,1.8
0.6181355932203391,3.4331749207543715e-05,1.8
0.668813559322034,3.208383059324571e-05,1.8
0.7194915254237289,3.0125051862392233e-05,1.8
0.7701694915254238,2.8407564902200366e-05,1.8
0.8208474576271187,2.6910039376065883e-05,1.8
0.8715254237288137,2.5612179933006857e-05,1.8
0.9222033898305086,2.4483646140013407e-05,1.8
0.9728813559322035,2.3486075496559862e-05,1.8
1.0235593220338985,2.2575938845961724e-05,1.8
1.0742372881355933,2.1721448405224854e-05,1.8
1.1249152542372882,2.090143034701772e-05,1.8
1.1755932203389832,2.0102140327069194e-05,1.8
1.2262711864406781,1.931948866114992e-05,1.8
1.276949152542373,1.8562383548094695e-05,1.8
1.327627118644068,1.7842371922985122e-05,1.8
1.378305084745763,1.7168613402077564e-05,1.8
1.4289830508474577,1.6546385739226934e-05,1.8
1.4796610169491526,1.5978951581056206e-05,1.8
1.5303389830508476,1.5466609714091665e-05,1.8
1.5810169491525425,1.5007025323472933e-05,1.8
1.6316949152542375,1.4595106926638488e-05,1.8
1.6823728813559324,1.422451006028556e-05,1.8
1.7330508474576274,1.3889331635742284e-05,1.8
1.7837288135593223,1.3584495431876199e-05,1.8
1.8344067796610173,1.3305691319930684e-05,1.8
1.885084745762712,1.3049238310821599e-05,1.8
1.935762711864407,1.281215712614171e-05,1.8
1.986440677966102,1.2592122946737273e-05,1.8
2.037118644067797,1.2387256834610232e-05,1.8
2.0877966101694914,1.219583633693325e-05,1.8
2.1384745762711863,1.2016282765762282e-05,1.8
2.1891525423728813,1.1847054317142694e-05,1.8
2.239830508474576,1.1686790446496651e-05,1.8
2.290508474576271,1.1534366910776587e-05,1.8
2.341186440677966,1.1388765512702205e-05,1.8
2.391864406779661,1.1249112528054634e-05,1.8
2.442542372881356,1.1114701756663895e-05,1.8
2.493220338983051,1.0984884202166422e-05,1.8
2.543898305084746,1.0859114301586293e-05,1.8
2.594576271186441,1.0737014116507406e-05,1.8
2.645254237288136,1.0618348170783739e-05,1.8
2.6959322033898308,1.05029255858679e-05,1.8
2.7466101694915257,1.039062819989386e-05,1.8
2.7972881355932206,1.0281319086263461e-05,1.8
2.847966101694915,1.0174959399778534e-05,1.8
2.89864406779661,1.0071471500402165e-05,1.8
2.949322033898305,9.970787516957993e-06,1.8
3.0,9.872865252138289e-06,1.8
0.01,7.55300238456452e-05,2.0
0.06067796610169492,7.489065570326585e-05,2.0
0.11135593220338984,7.290262388633875e-05,2.0
0.16203389830508477,6.93745780576494e-05,2.0
0.2127118644067797,6.516026852465885e-05,2.0
0.26338983050847464,6.062880202929465e-05,2.0
0.31406779661016954,5.6106400470468e-05,2.0
0.36474576271186443,5.17245836697283e-05,2.0
0.4154237288135594,4.756363295665636e-05,2.0
0.4661016949152543,4.3757769724506506e-05,2.0
0.5167796610169493,4.0356688151296144e-05,2.0
0.5674576271186441,3.735817426639069e-05,2.0
0.6181355932203391,3.474498315212383e-05,2.0
0.668813559322034,3.247802913494614e-05,2.0
0.7194915254237289,3.0506552786900766e-05,2.0
0.7701694915254238,2.8767527070609675e-05,2.0
0.8208474576271187,2.721941084502842e-05,2.0
0.8715254237288137,2.5851442108468924e-05,2.0
0.9222033898305086,2.464997241820982e-05,2.0
0.9728813559322035,2.3591466122044755e-05,2.0
1.0235593220338985,2.2641210095844394e-05,2.0
1.0742372881355933,2.176571570264874e-05,2.0
1.1249152542372882,2.0942233742508995e-05,2.0
1.1755932203389832,2.0153579751589626e-05,2.0
1.2262711864406781,1.93883912360822e-05,2.0
1.276949152542373,1.864658408787206e-05,2.0
1.327627118644068,1.793687209788861e-05,2.0
1.378305084745763,1.7268332206145007e-05,2.0
1.4289830508474577,1.664695219991135e-05,2.0
1.4796610169491526,1.607571975109955e-05,2.0
1.5303389830508476,1.5556214697021823e-05,2.0
1.5810169491525425,1.5087556373809035e-05,2.0
1.6316949152542375,1.466663382443748e-05,2.0
1.6823728813559324,1.4288037248426634e-05,2.0
1.7330508474576274,1.3945970736444584e-05,2.0
1.7837288135593223,1.3635265768022524e-05,2.0
1.8344067796610173,1.335152078941239e-05,2.0
1.885084745762712,1.309096711247972e-05,2.0
1.935762711864407,1.285038361238117e-05,2.0
1.986440677966102,1.2627204326693255e-05,2.0
2.037118644067797,1.241937871341831e-05,2.0
2.0877966101694914,1.2225107435291895e-05,2.0
2.1384745762711863,1.2042867704985225e-05,2.0
2.1891525423728813,1.187124358465091e-05,2.0
2.239830508474576,1.1708850266041155e-05,2.0
2.290508474576271,1.155456355900354e-05,2.0
2.341186440677966,1.1407350516482085e-05,2.0
2.391864406779661,1.1266340688198015e-05,2.0
2.442542372881356,1.1130806073597044e-05,2.0
2.493220338983051,1.1000101771076844e-05,2.0
2.543898305084746,1.0873668390044594e-05,2.0
2.594576271186441,1.0751045664431095e-05,2.0
2.645254237288136,1.063197030870971e-05,2.0
2.6959322033898308,1.051620637630325e-05,2.0
2.7466101694915257,1.040361741513195e-05,2.0
2.7972881355932206,1.029407814236583e-05,2.0
2.847966101694915,1.0187487428902154e-05,2.0
2.89864406779661,1.00837812315385e-05,2.0
2.949322033898305,9.982886567736426e-06,2.0
3.0,9.884766677535325e-06,2.0
0.01,7.551504255035935e-05,2.2
0.06067796610169492,7.487419018481886e-05,2.2
0.11135593220338984,7.290394352295745e-05,2.2
0.16203389830508477,6.948290506689805e-05,2.2
0.2127118644067797,6.535575064303186e-05,2.2
0.26338983050847464,6.0927593722695995e-05,2.2
0.31406779661016954,5.652709386772563e-05,2.2
0.36474576271186443,5.227431461258168e-05,2.2
0.4154237288135594,4.81818273196255e-05,2.2
0.4661016949152543,4.4352683320936745e-05,2.2
0.5167796610169493,4.090255453851014e-05,2.2
0.5674576271186441,3.786010344857445e-05,2.2
0.6181355932203391,3.5206570772293444e-05,2.2
0.668813559322034,3.290702872136321e-05,2.2
0.7194915254237289,3.090729766064333e-05,2.2
0.7701694915254238,2.9140131918178833e-05,2.2
0.8208474576271187,2.7549780849778222e-05,2.2
0.8715254237288137,2.6120944768526765e-05,2.2
0.9222033898305086,2.4851597761309516e-05,2.2
0.9728813559322035,2.3729933467355838e-05,2.2
1.0235593220338985,2.2733509370523527e-05,2.2
1.0742372881355933,2.1831200358026622e-05,2.2
1.1249152542372882,2.0996836170225925e-05,2.2
1.1755932203389832,2.0211120268842344e-05,2.2
1.2262711864406781,1.945909254415162e-05,2.2
1.276949152542373,1.8732249869567382e-05,2.2
1.327627118644068,1.8033824923777506e-05,2.2
1.378305084745763,1.7371410215225778e-05,2.2
1.4289830508474577,1.675162955957784e-05,2.2
1.4796610169491526,1.61781490927582e-05,2.2
1.5303389830508476,1.5652587070324874e-05,2.2
1.5810169491525425,1.5175385258755949e-05,2.2
1.6316949152542375,1.4744929532483045e-05,2.2
1.6823728813559324,1.4357472694030655e-05,2.2
1.7330508474576274,1.4007667831673495e-05,2.2
1.7837288135593223,1.3690337113385626e-05,2.2
1.8344067796610173,1.3400959772569566e-05,2.2
1.885084745762712,1.3135636407480209e-05,2.2
1.935762711864407,1.2891054648828076e-05,2.2
1.986440677966102,1.2664374589081009e-05,2.2
2.037118644067797,1.2453305810402354e-05,2.2
2.0877966101694914,1.2255992581052768e-05,2.2
2.1384745762711863,1.2070864900487326e-05,2.2
2.1891525423728813,1.1896572743595404e-05,2.2
2.239830508474576,1.1731820236984604e-05,2.2
2.290508474576271,1.1575465784528067e-05,2.2
2.341186440677966,1.1426473337434225e-05,2.2
2.391864406779661,1.1283954703211181e-05,2.2
2.442542372881356,1.1147148795868959e-05,2.2
2.493220338983051,1.1015414355965016e-05,2.2
2.543898305084746,1.088817573072553e-05,2.2
2.594576271186441,1.0764949626853431e-05,2.2
2.645254237288136,1.0645366547857377e-05,2.2
2.6959322033898308,1.0529197963053421e-05,2.2
2.7466101694915257,1.041625544879695e-05,2.2
2.7972881355932206,1.0306426833304145e-05,2.2
2.847966101694915,1.0199577371730208e-05,2.2
2.89864406779661,1.0095630955037021e-05,2.2
2.949322033898305,9.994507438669922e-06,2.2
3.0,9.896160625551495e-06,2.2
0.01,7.549843835339822e-05,2.4
0.06067796610169492,7.48565957788243e-05,2.4
0.11135593220338984,7.290421351234325e-05,2.4
0.16203389830508477,6.958933381998741e-05,2.4
0.2127118644067797,6.556198928959522e-05,2.4
0.26338983050847464,6.124109949442891e-05,2.4
0.31406779661016954,5.695339938710738e-05,2.4
0.36474576271186443,5.281331616362167e-05,2.4
0.4154237288135594,4.88137174700495e-05,2.4
0.4661016949152543,4.499559491015321e-05,2.4
0.5167796610169493,4.1507300689607884e-05,2.4
0.5674576271186441,3.8417917314255685e-05,2.4
0.6181355932203391,3.571772081165892e-05,2.4
0.668813559322034,3.33740915046143e-05,2.4
0.7194915254237289,3.133265035684346e-05,2.4
0.7701694915254238,2.9526230944895242e-05,2.4
0.8208474576271187,2.789800623970948e-05,2.4
0.8715254237288137,2.641837155908445e-05,2.4
0.9222033898305086,2.5088121896753048e-05,2.4
0.9728813559322035,2.390514620495624e-05,2.4
1.0235593220338985,2.285712924708994e-05,2.4
1.0742372881355933,2.1921352111356852e-05,2.4
1.1249152542372882,2.1069308898166643e-05,2.4
1.1755932203389832,2.0278920660339552e-05,2.4
1.2262711864406781,1.9533213147432874e-05,2.4
1.276949152542373,1.881937335289538e-05,2.4
1.327627118644068,1.813261931370681e-05,2.4
1.378305084745763,1.7477439404962074e-05,2.4
1.4289830508474577,1.6860052990481308e-05,2.4
1.4796610169491526,1.6285214052301563e-05,2.4
1.5303389830508476,1.57550062922707e-05,2.4
1.5810169491525425,1.5270173651776963e-05,2.4
1.6316949152542375,1.4830333466120923e-05,2.4
1.6823728813559324,1.443332402042336e-05,2.4
1.7330508474576274,1.407495946988455e-05,2.4
1.7837288135593223,1.3750218511323277e-05,2.4
1.8344067796610173,1.3454481780560018e-05,2.4
1.885084745762712,1.3183743762850943e-05,2.4
1.935762711864407,1.2934571548735701e-05,2.4
1.986440677966102,1.270394666054135e-05,2.4
2.037118644067797,1.24893288082954e-05,2.4
2.0877966101694914,1.2288759819473105e-05,2.4
2.1384745762711863,1.2100587893556588e-05,2.4
2.1891525423728813,1.1923442488063422e-05,2.4
2.239830508474576,1.175610823988375e-05,2.4
2.290508474576271,1.159747411022495e-05,2.4
2.341186440677966,1.1446514894450454e-05,2.4
2.391864406779661,1.130231076553915e-05,2.4
2.442542372881356,1.1164087695905274e-05,2.4
2.493220338983051,1.1031175080999676e-05,2.4
2.543898305084746,1.0902991475665987e-05,2.4
2.594576271186441,1.077902716950873e-05,2.4
2.645254237288136,1.0658864467375701e-05,2.4
2.6959322033898308,1.0542206227979587e-05,2.4
2.7466101694915257,1.0428857039004493e-05,2.4
2.7972881355932206,1.0318672807366267e-05,2.4
2.847966101694915,1.0211524244354275e-05,2.4
2.89864406779661,1.0107305141400496e-05,2.4
2.949322033898305,1.0005928099334088e-05,2.4
3.0,9.907332547971267e-06,2.4
0.01,7.548035947883696e-05,2.6
0.06067796610169492,7.4838497702599e-05,2.6
0.11135593220338984,7.290372140213042e-05,2.6
0.16203389830508477,6.969323099109542e-05,2.6
0.2127118644067797,6.577433542295284e-05,2.6
0.26338983050847464,6.156607259088072e-05,2.6
0.31406779661016954,5.7385631513370196e-05,2.6
0.36474576271186443,5.334613778538069e-05,2.6
0.4154237288135594,4.943931065278642e-05,2.6
0.4661016949152543,4.5671880798912115e-05,2.6
0.5167796610169493,4.216539109638861e-05,2.6
0.5674576271186441,3.902940499262834e-05,2.6
0.6181355932203391,3.6278288319972654e-05,2.6
0.668813559322034,3.388176514814508e-05,2.6
0.7194915254237289,3.178732994082288e-05,2.6
0.7701694915254238,2.993179898722392e-05,2.6
0.8208474576271187,2.8261906845557058e-05,2.6
0.8715254237288137,2.674042651800177e-05,2.6
0.9222033898305086,2.535780520301902e-05,2.6
0.9728813559322035,2.4117609950113207e-05,2.6
1.0235593220338985,2.301615946129106e-05,2.6
1.0742372881355933,2.2039697188219883e-05,2.6
1.1249152542372882,2.1163080219510797e-05,2.6
1.1755932203389832,2.036089520801219e-05,2.6
1.2262711864406781,1.9614344927567075e-05,2.6
1.276949152542373,1.890856547645046e-05,2.6
1.327627118644068,1.82328601623976e-05,2.6
1.378305084745763,1.758571212486781e-05,2.6
1.4289830508474577,1.6971856189688907e-05,2.6
1.4796610169491526,1.6396378228422605e-05,2.6
1.5303389830508476,1.5862523366004497e-05,2.6
1.5810169491525425,1.5371249904782515e-05,2.6
1.6316949152542375,1.4922712279845831e-05,2.6
1.6823728813559324,1.4515937240197048e-05,2.6
1.7330508474576274,1.4148283934386567e-05,2.6
1.7837288135593223,1.3815341112670612e-05,2.6
1.8344067796610173,1.3512521439983943e-05,2.6
1.885084745762712,1.3235711761821336e-05,2.6
1.935762711864407,1.2981324508407059e-05,2.6
1.986440677966102,1.2746238310092046e-05,2.6
2.037118644067797,1.252772964644408e-05,2.6
2.0877966101694914,1.2323636428013807e-05,2.6
2.1384745762711863,1.2132240615085719e-05,2.6
2.1891525423728813,1.1952100571691723e-05,2.6
2.239830508474576,1.1782007089333334e-05,2.6
2.290508474576271,1.1620892764379622e-05,2.6
2.341186440677966,1.1467763948539954e-05,2.6
2.391864406779661,1.132169918383903e-05,2.6
2.442542372881356,1.118188931547473e-05,2.6
2.493220338983051,1.1047654004855608e-05,2.6
2.543898305084746,1.0918377856315577e-05,2.6
2.594576271186441,1.0793540624046403e-05,2.6
2.645254237288136,1.06726917674202e-05,2.6
2.6959322033898308,1.0555481228727946e-05,2.6
2.7466101694915257,1.0441660972132938e-05,2.6
2.7972881355932206,1.0331059505395858e-05,2.6
2.847966101694915,1.0223547097104274e-05,2.6
2.89864406779661,1.0119010878302991e-05,2.6
2.949322033898305,1.0017350239316133e-05,2.6
3.0,9.918480817802015e-06,2.6
0.01,7.54611027989469e-05,2.8
0.06067796610169492,7.482035895298087e-05,2.8
0.11135593220338984,7.290261169746568e-05,2.8
0.16203389830508477,6.97938716215605e-05,2.8
0.2127118644067797,6.5988226747927e-05,2.8
0.26338983050847464,6.189861248620997e-05,2.8
0.31406779661016954,5.78229159210625e-05,2.8
0.36474576271186443,5.3875771010203255e-05,2.8
0.4154237288135594,5.005346485492882e-05,2.8
0.4661016949152543,4.6361373960207824e-05,2.8
0.5167796610169493,4.286636936353436e-05,2.8
0.5674576271186441,3.9692183420280794e-05,2.8
0.6181355932203391,3.6886896598349254e-05,2.8
0.668813559322034,3.443175193850823e-05,2.8
0.7194915254237289,3.2275641550522415e-05,2.8
0.7701694915254238,3.036275112293584e-05,2.8
0.8208474576271187,2.8644621380490396e-05,2.8
0.8715254237288137,2.7083917623678548e-05,2.8
0.9222033898305086,2.5657342255932314e-05,2.8
0.9728813559322035,2.4366111988936086e-05,2.8
1.0235593220338985,2.32126386276779e-05,2.8
1.0742372881355933,2.219008499828629e-05,2.8
1.1249152542372882,2.128126708867028e-05,2.8
1.1755932203389832,2.0460639387077335e-05,2.8
1.2262711864406781,1.9706340287791476e-05,2.8
1.276949152542373,1.900210327350524e-05,2.8
1.327627118644068,1.8334567650060293e-05,2.8
1.378305084745763,1.7695618335272086e-05,2.8
1.4289830508474577,1.7086384986392407e-05,2.8
1.4796610169491526,1.651132155903397e-05,2.8
1.5303389830508476,1.5974447719413623e-05,2.8
1.5810169491525425,1.5477782802926858e-05,2.8
1.6316949152542375,1.5021542267341882e-05,2.8
1.6823728813559324,1.4605402213402268e-05,2.8
1.7330508474576274,1.4227969297788985e-05,2.8
1.7837288135593223,1.3886089504722351e-05,2.8
1.8344067796610173,1.3575453144995773e-05,2.8
1.885084745762712,1.329189525785844e-05,2.8
1.935762711864407,1.3031676207772076e-05,2.8
1.986440677966102,1.279155754704294e-05,2.8
2.037118644067797,1.2568729992540273e-05,2.8
2.0877966101694914,1.2360821481643435e-05,2.8
2.1384745762711863,1.2165995842069807e-05,2.8
2.1891525423728813,1.1982705666856161e-05,2.8
2.239830508474576,1.1809726973971777e-05,2.8
2.290508474576271,1.1645951457465955e-05,2.8
2.341186440677966,1.1490464043591515e-05,2.8
2.391864406779661,1.1342351664079744e-05,2.8
2.442542372881356,1.1200794357367515e-05,2.8
2.493220338983051,1.1065069052114526e-05,2.8
2.543898305084746,1.0934552186690614e-05,2.8
2.594576271186441,1.080870029051983e-05,2.8
2.645254237288136,1.0687045614200776e-05,2.8
2.6959322033898308,1.056917982792165e-05,2.8
2.7466101694915257,1.0454812325280365e-05,2.8
2.7972881355932206,1.0343743819220654e-05,2.8
2.847966101694915,1.0235819071957971e-05,2.8
2.89864406779661,1.0130915524018955e-05,2.8
2.949322033898305,1.0028924547526487e-05,2.8
3.0,9.92975163639248e-06,2.8
0.01,7.544096192642061e-05,3.0
0.06067796610169492,7.480213400313404e-05,3.0
0.11135593220338984,7.290090236981287e-05,3.0
0.16203389830508477,6.9890468236124e-05,3.0
0.2127118644067797,6.620016044274313e-05,3.0
0.26338983050847464,6.223437309700273e-05,3.0
0.31406779661016954,5.8263504459052196e-05,3.0
0.36474576271186443,5.440371186639739e-05,3.0
0.4154237288135594,5.0659695859229766e-05,3.0
0.4661016949152543,4.704441000859203e-05,3.0
0.5167796610169493,4.35945654394673e-05,3.0
0.5674576271186441,4.0400277016562236e-05,3.0
0.6181355932203391,3.754230660952917e-05,3.0
0.668813559322034,3.50245159844359e-05,3.0
0.7194915254237289,3.280125001170529e-05,3.0
0.7701694915254238,3.082446176897074e-05,3.0
0.8208474576271187,2.905184231704751e-05,3.0
0.8715254237288137,2.744758359919619e-05,3.0
0.9222033898305086,2.598339616008491e-05,3.0
0.9728813559322035,2.4647909968861692e-05,3.0
1.0235593220338985,2.34458384318253e-05,3.0
1.0742372881355933,2.2375745762203332e-05,3.0
1.1249152542372882,2.1427512732691316e-05,3.0
1.1755932203389832,2.0581186549718014e-05,3.0
1.2262711864406781,1.981282983987056e-05,3.0
1.276949152542373,1.910352686657559e-05,3.0
1.327627118644068,1.8438772099067897e-05,3.0
1.378305084745763,1.780688000538097e-05,3.0
1.4289830508474577,1.720292950347438e-05,3.0
1.4796610169491526,1.662949497218358e-05,3.0
1.5303389830508476,1.609051532766145e-05,3.0
1.5810169491525425,1.5589025029645483e-05,3.0
1.6316949152542375,1.5126088284670202e-05,3.0
1.6823728813559324,1.470137745137597e-05,3.0
1.7330508474576274,1.4314213973032825e-05,3.0
1.7837288135593223,1.3962790024675312e-05,3.0
1.8344067796610173,1.3643628665037142e-05,3.0
1.885084745762712,1.3352629218571901e-05,3.0
1.935762711864407,1.308595021929374e-05,3.0
1.986440677966102,1.2840240958032014e-05,3.0
2.037118644067797,1.2612596027925219e-05,3.0
2.0877966101694914,1.2400533560878143e-05,3.0
2.1384745762711863,1.2202014135652861e-05,3.0
2.1891525423728813,1.201540001981648e-05,3.0
2.239830508474576,1.1839399071510078e-05,3.0
2.290508474576271,1.1672843243274548e-05,3.0
2.341186440677966,1.1514822009735546e-05,3.0
2.391864406779661,1.136447107822076e-05,3.0
2.442542372881356,1.122098081488267e-05,3.0
2.493220338983051,1.1083604994929443e-05,3.0
2.543898305084746,1.0951696276407257e-05,3.0
2.594576271186441,1.082468689502672e-05,3.0
2.645254237288136,1.0702081026825442e-05,3.0
2.6959322033898308,1.0583467185787311e-05,3.0
2.7466101694915257,1.0468465730817695e-05,3.0
2.7972881355932206,1.0356862100319396e-05,3.0
2.847966101694915,1.0248466968713556e-05,3.0
2.89864406779661,1.0143143684510204e-05,3.0
2.949322033898305,1.0040770912972067e-05,3.0
3.0,9.941248200784032e-06,3.0
0.01,7.542013861458072e-05,3.2
0.06067796610169492,7.47831832927475e-05,3.2
0.11135593220338984,7.289855699114885e-05,3.2
0.16203389830508477,6.998217200282749e-05,3.2
0.2127118644067797,6.640837117274675e-05,3.2
0.26338983050847464,6.25687472218938e-05,3.2
0.31406779661016954,5.8704825052632184e-05,3.2
0.36474576271186443,5.4930161847856654e-05,3.2
0.4154237288135594,5.126042130841703e-05,3.2
0.4661016949152543,4.7716320415996777e-05,3.2
0.5167796610169493,4.4329791855383377e-05,3.2
0.5674576271186441,4.1143042931230466e-05,3.2
0.6181355932203391,3.8242088795650057e-05,3.2
0.668813559322034,3.565970969216553e-05,3.2
0.7194915254237289,3.336672013001141e-05,3.2
0.7701694915254238,3.1321549721926874e-05,3.2
0.8208474576271187,2.9488781854412853e-05,3.2
0.8715254237288137,2.7835338425976947e-05,3.2
0.9222033898305086,2.6332597609891933e-05,3.2
0.9728813559322035,2.4959619081043278e-05,3.2
1.0235593220338985,2.3713703090872366e-05,3.2
1.0742372881355933,2.2597237548751713e-05,3.2
1.1249152542372882,2.160551505455863e-05,3.2
1.1755932203389832,2.0725941101417304e-05,3.2
1.2262711864406781,1.993679513719012e-05,3.2
1.276949152542373,1.921637972486454e-05,3.2
1.327627118644068,1.854833916569315e-05,3.2
1.378305084745763,1.7919792816156345e-05,3.2
1.4289830508474577,1.7321028170709213e-05,3.2
1.4796610169491526,1.6750176313891957e-05,3.2
1.5303389830508476,1.6210279953043043e-05,3.2
1.5810169491525425,1.5704717567309792e-05,3.2
1.6316949152542375,1.5235604837656368e-05,3.2
1.6823728813559324,1.4803227783073686e-05,3.2
1.7330508474576274,1.4406914356596543e-05,3.2
1.7837288135593223,1.4045700157978926e-05,3.2
1.8344067796610173,1.3717370605076613e-05,3.2
1.885084745762712,1.341823080046656e-05,3.2
1.935762711864407,1.3144458727731556e-05,3.2
1.986440677966102,1.2892587135534957e-05,3.2
2.037118644067797,1.265961799008064e-05,3.2
2.0877966101694914,1.2442981155258941e-05,3.2
2.1384745762711863,1.2240476568131739e-05,3.2
2.1891525423728813,1.2050318616891053e-05,3.2
2.239830508474576,1.1871118551960572e-05,3.2
2.290508474576271,1.1701667139767544e-05,3.2
2.341186440677966,1.1540999245653191e-05,3.2
2.391864406779661,1.1388242195697625e-05,3.2
2.442542372881356,1.124263237226758e-05,3.2
2.493220338983051,1.1103434761717972e-05,3.2
2.543898305084746,1.09699694441721e-05,3.2
2.594576271186441,1.0841649665417117e-05,3.2
2.645254237288136,1.0717959503667077e-05,3.2
2.6959322033898308,1.0598455930612343e-05,3.2
2.7466101694915257,1.0482742637428993e-05,3.2
2.7972881355932206,1.0370530058442468e-05,3.2
2.847966101694915,1.0261601430497365e-05,3.2
2.89864406779661,1.0155795255823074e-05,3.2
2.949322033898305,1.0052993347766776e-05,3.2
3.0,9.953065856825013e-06,3.2
0.01,7.539874931601497e-05,3.4
0.06067796610169492,7.476282956412215e-05,3.4
0.11135593220338984,7.289562757806738e-05,3.4
0.16203389830508477,7.006832163122779e-05,3.4
0.2127118644067797,6.661145608799469e-05,3.4
0.26338983050847464,6.28973806188073e-05,3.4
0.31406779661016954,5.914359035412397e-05,3.4
0.36474576271186443,5.5454304072573654e-05,3.4
0.4154237288135594,5.185679503116868e-05,3.4
0.4661016949152543,4.8379532497471565e-05,3.4
0.5167796610169493,4.505529815253659e-05,3.4
0.5674576271186441,4.1904845786063206e-05,3.4
0.6181355932203391,3.897999122767456e-05,3.4
0.668813559322034,3.633718642984621e-05,3.4
0.7194915254237289,3.3973234480733646e-05,3.4
0.7701694915254238,3.185756026932038e-05,3.4
0.8208474576271187,2.9960062544367883e-05,3.4
0.8715254237288137,2.8251882127994268e-05,3.4
0.9222033898305086,2.670549957989622e-05,3.4
0.9728813559322035,2.5297597563873985e-05,3.4
1.0235593220338985,2.4013108530565965e-05,3.4
1.0742372881355933,2.2853304210983328e-05,3.4
1.1249152542372882,2.181749852787551e-05,3.4
1.1755932203389832,2.0898594031071053e-05,3.4
1.2262711864406781,2.0081338484663858e-05,3.4
1.276949152542373,1.934371521710466e-05,3.4
1.327627118644068,1.8666675169757417e-05,3.4
1.378305084745763,1.8036130925690863e-05,3.4
1.4289830508474577,1.744059005642168e-05,3.4
1.4796610169491526,1.687279054261166e-05,3.4
1.5303389830508476,1.633309030754293e-05,3.4
1.5810169491525425,1.5824511071197172e-05,3.4
1.6316949152542375,1.534980029092948e-05,3.4
1.6823728813559324,1.4910259096449883e-05,3.4
1.7330508474576274,1.4505578145327678e-05,3.4
1.7837288135593223,1.413489687642276e-05,3.4
1.8344067796610173,1.3796933430701951e-05,3.4
1.885084745762712,1.3489011815213834e-05,3.4
1.935762711864407,1.320749947016128e-05,3.4
1.986440677966102,1.2948892166036864e-05,3.4
2.037118644067797,1.2710083664545456e-05,3.4
2.0877966101694914,1.248840957843742e-05,3.4
2.1384745762711863,1.2281564200861706e-05,3.4
2.1891525423728813,1.208761206423577e-05,3.4
2.239830508474576,1.1905021125320326e-05,3.4
2.290508474576271,1.1732518750034604e-05,3.4
2.341186440677966,1.1569077142588259e-05,3.4
2.391864406779661,1.1413800486602192e-05,3.4
2.442542372881356,1.126591084556562e-05,3.4
2.493220338983051,1.112470531198325e-05,3.4
2.543898305084746,1.0989518503682065e-05,3.4
2.594576271186441,1.0859735395630832e-05,3.4
2.645254237288136,1.0734812619850234e-05,3.4
2.6959322033898308,1.0614283317817454e-05,3.4
2.7466101694915257,1.0497747150225936e-05,3.4
2.7972881355932206,1.0384835154755059e-05,3.4
2.847966101694915,1.0275297946291192e-05,3.4
2.89864406779661,1.0168954604930236e-05,3.4
2.949322033898305,1.0065655481173996e-05,3.4
3.0,9.965286647231347e-06,3.4
0.01,7.537679373680808e-05,3.6
0.06067796610169492,7.474047602328121e-05,3.6
0.11135593220338984,7.289217409541469e-05,3.6
0.16203389830508477,7.014897485734538e-05,3.6
0.2127118644067797,6.680798688225331e-05,3.6
0.26338983050847464,6.321702226674971e-05,3.6
0.31406779661016954,5.957605180016622e-05,3.6
0.36474576271186443,5.5974391109652385e-05,3.6
0.4154237288135594,5.2448820381883943e-05,3.6
0.4661016949152543,4.9035639258991113e-05,3.6
0.5167796610169493,4.576902856163311e-05,3.6
0.5674576271186441,4.266678134674867e-05,3.6
0.6181355932203391,3.9745178115178056e-05,3.6
0.668813559322034,3.705448510085222e-05,3.6
0.7194915254237289,3.4621274370544194e-05,3.6
0.7701694915254238,3.2434570788148776e-05,3.6
0.8208474576271187,3.0469449472816526e-05,3.6
0.8715254237288137,2.870156638971022e-05,3.6
0.9222033898305086,2.7106073570206917e-05,3.6
0.9728813559322035,2.5659383073830628e-05,3.6
1.0235593220338985,2.4340847073288426e-05,3.6
1.0742372881355933,2.3141460146628423e-05,3.6
1.1249152542372882,2.2063089822166942e-05,3.6
1.1755932203389832,2.1102376567646672e-05,3.6
1.2262711864406781,2.0249991139004117e-05,3.6
1.276949152542373,1.9488403523114985e-05,3.6
1.327627118644068,1.8796904758528606e-05,3.6
1.378305084745763,1.8159004724401612e-05,3.6
1.4289830508474577,1.7562411304725798e-05,3.6
1.4796610169491526,1.6997033156871932e-05,3.6
1.5303389830508476,1.645830307882811e-05,3.6
1.5810169491525425,1.5947861972825007e-05,3.6
1.6316949152542375,1.5468425442891076e-05,3.6
1.6823728813559324,1.5022146929084826e-05,3.6
1.7330508474576274,1.4609602626343395e-05,3.6
1.7837288135593223,1.4230083699066564e-05,3.6
1.8344067796610173,1.3882493384093313e-05,3.6
1.885084745762712,1.3565248275181663e-05,3.6
1.935762711864407,1.3275380156929234e-05,3.6
1.986440677966102,1.3009443188794161e-05,3.6
2.037118644067797,1.2764268881212436e-05,3.6
2.0877966101694914,1.2537079160315756e-05,3.6
2.1384745762711863,1.232548162057275e-05,3.6
2.1891525423728813,1.2127434078408947e-05,3.6
2.239830508474576,1.1941210313081288e-05,3.6
2.290508474576271,1.1765487481683204e-05,3.6
2.341186440677966,1.1599137985783322e-05,3.6
2.391864406779661,1.1441222110933037e-05,3.6
2.442542372881356,1.1290930612291862e-05,3.6
2.493220338983051,1.1147564658682428e-05,3.6
2.543898305084746,1.1010481783688505e-05,3.6
2.594576271186441,1.0879074261368527e-05,3.6
2.645254237288136,1.0752768549746618e-05,3.6
2.6959322033898308,1.0631070157433218e-05,3.6
2.7466101694915257,1.0513571703543609e-05,3.6
2.7972881355932206,1.0399867846670073e-05,3.6
2.847966101694915,1.0289645445842602e-05,3.6
2.89864406779661,1.0182690521339529e-05,3.6
2.949322033898305,1.00788457637886e-05,3.6
3.0,9.977980654379795e-06,3.6
0.01,7.535418287317256e-05,3.8
0.06067796610169492,7.471603305666818e-05,3.8
0.11135593220338984,7.288823759850409e-05,3.8
0.16203389830508477,7.022449123142508e-05,3.8
0.2127118644067797,6.699664301973489e-05,3.8
0.26338983050847464,6.352625699174593e-05,3.8
0.31406779661016954,5.999836359970487e-05,3.8
0.36474576271186443,5.6487821506257765e-05,3.8
0.4154237288135594,5.3035599247813314e-05,3.8
0.4661016949152543,4.968522868209735e-05,3.8
0.5167796610169493,4.647285712998042e-05,3.8
0.5674576271186441,4.341673216654408e-05,3.8
0.6181355932203391,4.0522045178859605e-05,3.8
0.668813559322034,3.780501185746929e-05,3.8
0.7194915254237289,3.5310688225534395e-05,3.8
0.7701694915254238,3.305338757401468e-05,3.8
0.8208474576271187,3.101952427187032e-05,3.8
0.8715254237288137,2.918816691034063e-05,3.8
0.9222033898305086,2.7538268916448188e-05,3.8
0.9728813559322035,2.6047254952122022e-05,3.8
1.0235593220338985,2.4693387837387184e-05,3.8
1.0742372881355933,2.3459009016801005e-05,3.8
1.1249152542372882,2.234058860360382e-05,3.8
1.1755932203389832,2.133819857837942e-05,3.8
1.2262711864406781,2.0446336268347352e-05,3.8
1.276949152542373,1.9653787856317976e-05,3.8
1.327627118644068,1.894175050033388e-05,3.8
1.378305084745763,1.8291538331275267e-05,3.8
1.4289830508474577,1.7688936892338572e-05,3.8
1.4796610169491526,1.7123097435985175e-05,3.8
1.5303389830508476,1.658547606191485e-05,3.8
1.5810169491525425,1.6074098379856598e-05,3.8
1.6316949152542375,1.5591042954797092e-05,3.8
1.6823728813559324,1.5138713280000442e-05,3.8
1.7330508474576274,1.4718608452116873e-05,3.8
1.7837288135593223,1.4330723365584292e-05,3.8
1.8344067796610173,1.3973976833029822e-05,3.8
1.885084745762712,1.3647161834811253e-05,3.8
1.935762711864407,1.3348374714587384e-05,3.8
1.986440677966102,1.3074524073516972e-05,3.8
2.037118644067797,1.2822442760470702e-05,3.8
2.0877966101694914,1.2589256874765075e-05,3.8
2.1384745762711863,1.2372471873737846e-05,3.8
2.1891525423728813,1.2169955512269318e-05,3.8
2.239830508474576,1.1979847094019433e-05,3.8
2.290508474576271,1.180068211257404e-05,3.8
2.341186440677966,1.1631253220919882e-05,3.8
2.391864406779661,1.147057098620657e-05,3.8
2.442542372881356,1.1317773147813812e-05,3.8
2.493220338983051,1.1172126538073772e-05,3.8
2.543898305084746,1.1032989646272728e-05,3.8
2.594576271186441,1.0899784713496316e-05,3.8
2.645254237288136,1.0771942637971517e-05,3.8
2.6959322033898308,1.0648941413423101e-05,3.8
2.7466101694915257,1.0530334183245916e-05,3.8
2.7972881355932206,1.0415709813206948e-05,3.8
2.847966101694915,1.0304708342593424e-05,3.8
2.89864406779661,1.0197076856124801e-05,3.8
2.949322033898305,1.0092623255101211e-05,3.8
3.0,9.991218860104381e-06,3.8
0.01,7.533081481601295e-05,4.0
0.06067796610169492,7.468974600453503e-05,4.0
0.11135593220338984,7.2883846679853e-05,4.0
0.16203389830508477,7.029517009838324e-05,4.0
0.2127118644067797,6.717622914058843e-05,4.0
0.26338983050847464,6.382404312893447e-05,4.0
0.31406779661016954,6.040720486272502e-05,4.0
0.36474576271186443,5.699141106645398e-05,4.0
0.4154237288135594,5.361537448673965e-05,4.0
0.4661016949152543,5.032797597491727e-05,4.0
0.5167796610169493,4.716792314884742e-05,4.0
0.5674576271186441,4.4154879199345175e-05,4.0
0.6181355932203391,4.129372696820398e-05,4.0
0.668813559322034,3.85773342785101e-05,4.0
0.7194915254237289,3.60378686242491e-05,4.0
0.7701694915254238,3.37142903388365e-05,4.0
0.8208474576271187,3.16115329232806e-05,4.0
0.8715254237288137,2.9714565804869927e-05,4.0
0.9222033898305086,2.800570880248935e-05,4.0
0.9728813559322035,2.646482623116215e-05,4.0
1.0235593220338985,2.507046859809235e-05,4.0
1.0742372881355933,2.3802662796948253e-05,4.0
1.1249152542372882,2.2647687126444524e-05,4.0
1.1755932203389832,2.160513245285484e-05,4.0
1.2262711864406781,2.067269248162344e-05,4.0
1.276949152542373,1.984344592178305e-05,4.0
1.327627118644068,1.9104290483686657e-05,4.0
1.378305084745763,1.843638138808984e-05,4.0
1.4289830508474577,1.7823203504305088e-05,4.0
1.4796610169491526,1.7252483828015487e-05,4.0
1.5303389830508476,1.67145024178012e-05,4.0
1.5810169491525425,1.6202720118220434e-05,4.0
1.6316949152542375,1.5717047373393672e-05,4.0
1.6823728813559324,1.525964231344337e-05,4.0
1.7330508474576274,1.4832488542332902e-05,4.0
1.7837288135593223,1.443642963163728e-05,4.0
1.8344067796610173,1.4070971302357313e-05,4.0
1.885084745762712,1.3734838178337918e-05,4.0
1.935762711864407,1.3426732435596816e-05,4.0
1.986440677966102,1.3144422200259466e-05,4.0
2.037118644067797,1.2884879061959894e-05,4.0
2.0877966101694914,1.2645194655168212e-05,4.0
2.1384745762711863,1.2422776910885947e-05,4.0
2.1891525423728813,1.221538202284055e-05,4.0
2.239830508474576,1.202107367182535e-05,4.0
2.290508474576271,1.1838233879553242e-05,4.0
2.341186440677966,1.1665536942459278e-05,4.0
2.391864406779661,1.1501923480102952e-05,4.0
2.442542372881356,1.134649079836659e-05,4.0
2.493220338983051,1.1198455133674765e-05,4.0
2.543898305084746,1.105715446760056e-05,4.0
2.594576271186441,1.0921999421553348e-05,4.0
2.645254237288136,1.0792450818776986e-05,4.0
2.6959322033898308,1.0667993318204043e-05,4.0
2.7466101694915257,1.0548136183352482e-05,4.0
2.7972881355932206,1.043244931058458e-05,4.0
2.847966101694915,1.032056313660508e-05,4.0
2.89864406779661,1.02121724192893e-05,4.0
2.949322033898305,1.0107049923071345e-05,4.0
3.0,1.0005032770937053e-05,4.0
0.01,7.530659365253325e-05,4.2
0.06067796610169492,7.466189179074109e-05,4.2
0.11135593220338984,7.287907876890187e-05,4.2
0.16203389830508477,7.036119083964105e-05,4.2
0.2127118644067797,6.734599911720085e-05,4.2
0.26338983050847464,6.410936869052783e-05,4.2
0.31406779661016954,6.0800969991048855e-05,4.2
0.36474576271186443,5.748174663539221e-05,4.2
0.4154237288135594,5.4185598982672954e-05,4.2
0.4661016949152543,5.096280287164281e-05,4.2
0.5167796610169493,4.785452343687398e-05,4.2
0.5674576271186441,4.4882679820091356e-05,4.2
0.6181355932203391,4.205319352834633e-05,4.2
0.668813559322034,3.935573104670183e-05,4.2
0.7194915254237289,3.6794745830829714e-05,4.2
0.7701694915254238,3.441576146383452e-05,4.2
0.8208474576271187,3.2245699274898925e-05,4.2
0.8715254237288137,3.028240249059957e-05,4.2
0.9222033898305086,2.8511383286647306e-05,4.2
0.9728813559322035,2.6915574476561118e-05,4.2
1.0235593220338985,2.5475213674236903e-05,4.2
1.0742372881355933,2.4170072577262262e-05,4.2
1.1249152542372882,2.2981781281112836e-05,4.2
1.1755932203389832,2.1901350188262187e-05,4.2
1.2262711864406781,2.092899770208372e-05,4.2
1.276949152542373,2.006058434364977e-05,4.2
1.327627118644068,1.9287985583332442e-05,4.2
1.378305084745763,1.8596344124737498e-05,4.2
1.4289830508474577,1.796782911524059e-05,4.2
1.4796610169491526,1.738795432065839e-05,4.2
1.5303389830508476,1.6846033121932932e-05,4.2
1.5810169491525425,1.633343736517438e-05,4.2
1.6316949152542375,1.5845891769488364e-05,4.2
1.6823728813559324,1.538441885350194e-05,4.2
1.7330508474576274,1.4950999544522764e-05,4.2
1.7837288135593223,1.4547121117819233e-05,4.2
1.8344067796610173,1.4173081134970873e-05,4.2
1.885084745762712,1.3828037910679023e-05,4.2
1.935762711864407,1.3510617230738033e-05,4.2
1.986440677966102,1.3219375949012478e-05,4.2
2.037118644067797,1.2951841872592011e-05,4.2
2.0877966101694914,1.270514738102477e-05,4.2
2.1384745762711863,1.2476629838873509e-05,4.2
2.1891525423728813,1.2263938751736594e-05,4.2
2.239830508474576,1.2065067302280924e-05,4.2
2.290508474576271,1.187826396987518e-05,4.2
2.341186440677966,1.1702090064280514e-05,4.2
2.391864406779661,1.1535368913760574e-05,4.2
2.442542372881356,1.1377148043471597e-05,4.2
2.493220338983051,1.12266011180213e-05,4.2
2.543898305084746,1.108303046088725e-05,4.2
2.594576271186441,1.0945816066158323e-05,4.2
2.645254237288136,1.0814410015587388e-05,4.2
2.6959322033898308,1.068832806658925e-05,4.2
2.7466101694915257,1.0567065717645593e-05,4.2
2.7972881355932206,1.0450187186195844e-05,4.2
2.847966101694915,1.0337291768176842e-05,4.2
2.89864406779661,1.0228046143717515e-05,4.2
2.949322033898305,1.0122182889471729e-05,4.2
3.0,1.001951083797327e-05,4.2
0.01,7.528141901868947e-05,4.4
0.06067796610169492,7.463274342806021e-05,4.4
0.11135593220338984,7.287432538946324e-05,4.4
0.16203389830508477,7.042276707841286e-05,4.4
0.2127118644067797,6.750619656689831e-05,4.4
0.26338983050847464,6.438130089321692e-05,4.4
0.31406779661016954,6.11790143142377e-05,4.4
0.36474576271186443,5.7955733225802336e-05,4.4
0.4154237288135594,5.474321617171704e-05,4.4
0.4661016949152543,5.158785905247236e-05,4.4
0.5167796610169493,4.853219256084477e-05,4.4
0.5674576271186441,4.560091059511541e-05,4.4
0.6181355932203391,4.2801616052184105e-05,4.4
0.668813559322034,4.012634498840761e-05,4.4
0.7194915254237289,3.756841909566602e-05,4.4
0.7701694915254238,3.515235867718211e-05,4.4
0.8208474576271187,3.292163278354073e-05,4.4
0.8715254237288137,3.08921707792772e-05,4.4
0.9222033898305086,2.9057303602000023e-05,4.4
0.9728813559322035,2.740258181579607e-05,4.4
1.0235593220338985,2.591094635962636e-05,4.4
1.0742372881355933,2.4563079922687363e-05,4.4
1.1249152542372882,2.333981068729609e-05,4.4
1.1755932203389832,2.222493005180523e-05,4.4
1.2262711864406781,2.1214005688900584e-05,4.4
1.276949152542373,2.030627715913429e-05,4.4
1.327627118644068,1.9496312479068826e-05,4.4
1.378305084745763,1.8774690789451733e-05,4.4
1.4289830508474577,1.8125384663202814e-05,4.4
1.4796610169491526,1.753211074519964e-05,4.4
1.5303389830508476,1.698224598739719e-05,4.4
1.5810169491525425,1.646640931694977e-05,4.4
1.6316949152542375,1.5977195222715834e-05,4.4
1.6823728813559324,1.5512497730551466e-05,4.4
1.7330508474576274,1.5073753163943704e-05,4.4
1.7837288135593223,1.4662656494451208e-05,4.4
1.8344067796610173,1.4280255569979678e-05,4.4
1.885084745762712,1.3926397567602703e-05,4.4
1.935762711864407,1.3599982629736424e-05,4.4
1.986440677966102,1.3299597074442621e-05,4.4
2.037118644067797,1.3023588348648423e-05,4.4
2.0877966101694914,1.27693685908543e-05,4.4
2.1384745762711863,1.2534270296189455e-05,4.4
2.1891525423728813,1.2315857749871205e-05,4.4
2.239830508474576,1.2112025798607195e-05,4.4
2.290508474576271,1.192093570667084e-05,4.4
2.341186440677966,1.1741024344724504e-05,4.4
2.391864406779661,1.1570995957645051e-05,4.4
2.442542372881356,1.1409825992724251e-05,4.4
2.493220338983051,1.1256628575152164e-05,4.4
2.543898305084746,1.1110664957608272e-05,4.4
2.594576271186441,1.097128330821846e-05,4.4
2.645254237288136,1.0837909258828215e-05,4.4
2.6959322033898308,1.0710053047247344e-05,4.4
2.7466101694915257,1.05872409000451e-05,4.4
2.7972881355932206,1.0469019927133935e-05,4.4
2.847966101694915,1.035498200397884e-05,4.4
2.89864406779661,1.0244770321405539e-05,4.4
2.949322033898305,1.013808817187339e-05,4.4
3.0,1.0034695764979992e-05,4.4
0.01,7.525517768627857e-05,4.6
0.06067796610169492,7.46025250838223e-05,4.6
0.11135593220338984,7.287014102456903e-05,4.6
0.16203389830508477,7.048021350580824e-05,4.6
0.2127118644067797,6.765729612497398e-05,4.6
0.26338983050847464,6.463903072278795e-05,4.6
0.31406779661016954,6.15407143594704e-05,4.6
0.36474576271186443,5.841179082929949e-05,4.6
0.4154237288135594,5.528499383917286e-05,4.6
0.4661016949152543,5.220063300878533e-05,4.6
0.5167796610169493,4.919977855688837e-05,4.6
0.5674576271186441,4.6309616874520825e-05,4.6
0.6181355932203391,4.354011392410898e-05,4.6
0.668813559322034,4.088641593650192e-05,4.6
0.7194915254237289,3.8343307227871224e-05,4.6
0.7701694915254238,3.591407505023066e-05,4.6
0.8208474576271187,3.363601753510911e-05,4.6
0.8715254237288137,3.154371706316216e-05,4.6
0.9222033898305086,2.9644432665120636e-05,4.6
0.9728813559322035,2.792820522983928e-05,4.6
1.0235593220338985,2.638077173351196e-05,4.6
1.0742372881355933,2.498484548819037e-05,4.6
1.1249152542372882,2.372161806412359e-05,4.6
1.1755932203389832,2.257308353300237e-05,4.6
1.2262711864406781,2.1526285812357167e-05,4.6
1.276949152542373,2.0579908825297446e-05,4.6
1.327627118644068,1.9731543073653306e-05,4.6
1.378305084745763,1.8974846297211538e-05,4.6
1.4289830508474577,1.8298865692472067e-05,4.6
1.4796610169491526,1.7687345754223028e-05,4.6
1.5303389830508476,1.7125708431293184e-05,4.6
1.5810169491525425,1.6602981822834986e-05,4.6
1.6316949152542375,1.611085923022363e-05,4.6
1.6823728813559324,1.5643426913167356e-05,4.6
1.7330508474576274,1.5200222815071261e-05,4.6
1.7837288135593223,1.4782753648723573e-05,4.6
1.8344067796610173,1.4392425789591863e-05,4.6
1.885084745762712,1.40298582891608e-05,4.6
1.935762711864407,1.3694531172059253e-05,4.6
1.986440677966102,1.33851709294211e-05,4.6
2.037118644067797,1.3100327413689451e-05,4.6
2.0877966101694914,1.2838103759879833e-05,4.6
2.1384745762711863,1.259593936652023e-05,4.6
2.1891525423728813,1.2371359071970895e-05,4.6
2.239830508474576,1.2162163271565213e-05,4.6
2.290508474576271,1.196641917791705e-05,4.6
2.341186440677966,1.1782478470796564e-05,4.6
2.391864406779661,1.1608920307981342e-05,4.6
2.442542372881356,1.1444612236307074e-05,4.6
2.493220338983051,1.1288608385362126e-05,4.6
2.543898305084746,1.1140119330722551e-05,4.6
2.594576271186441,1.0998443391158413e-05,4.6
2.645254237288136,1.0863000992575318e-05,4.6
2.6959322033898308,1.0733256950417177e-05,4.6
2.7466101694915257,1.0608742894858034e-05,4.6
2.7972881355932206,1.048903830138076e-05,4.6
2.847966101694915,1.0373726901789063e-05,4.6
2.89864406779661,1.0262430205953461e-05,4.6
2.949322033898305,1.015483498134949e-05,4.6
3.0,1.0050645738862843e-05,4.6
0.01,7.522774644740805e-05,4.8
0.06067796610169492,7.457137068980286e-05,4.8
0.11135593220338984,7.28667937010313e-05,4.8
0.16203389830508477,7.053383508444567e-05,4.8
0.2127118644067797,6.779968924554076e-05,4.8
0.26338983050847464,6.488240337217883e-05,4.8
0.31406779661016954,6.188543789584215e-05,4.8
0.36474576271186443,5.884944419043994e-05,4.8
0.4154237288135594,5.580811202970257e-05,4.8
0.4661016949152543,5.2798215719336835e-05,4.8
0.5167796610169493,4.985540790258648e-05,4.8
0.5674576271186441,4.7008178816043666e-05,4.8
0.6181355932203391,4.426914970208973e-05,4.8
0.668813559322034,4.163708492285771e-05,4.8
0.7194915254237289,3.910988668641113e-05,4.8
0.7701694915254238,3.668663019222681e-05,4.8
0.8208474576271187,3.438138942555435e-05,4.8
0.8715254237288137,3.223534374038427e-05,4.8
0.9222033898305086,3.0272721877907667e-05,4.8
0.9728813559322035,2.8493845820534624e-05,4.8
1.0235593220338985,2.6887273307027748e-05,4.8
1.0742372881355933,2.5438461440111686e-05,4.8
1.1249152542372882,2.4130037711040356e-05,4.8
1.1755932203389832,2.294398058182819e-05,4.8
1.2262711864406781,2.1863718550420252e-05,4.8
1.276949152542373,2.0880399070664023e-05,4.8
1.327627118644068,1.999377280473324e-05,4.8
1.378305084745763,1.9199862790483637e-05,4.8
1.4289830508474577,1.849156985376007e-05,4.8
1.4796610169491526,1.7856368764517745e-05,4.8
1.5303389830508476,1.72786737457032e-05,4.8
1.5810169491525425,1.6745571794987565e-05,4.8
1.6316949152542375,1.6247488307719948e-05,4.8
1.6823728813559324,1.577697324251922e-05,4.8
1.7330508474576274,1.5329956979059712e-05,4.8
1.7837288135593223,1.4906958688883858e-05,4.8
1.8344067796610173,1.4509405614543663e-05,4.8
1.885084745762712,1.4138423074457631e-05,4.8
1.935762711864407,1.3794192352732992e-05,4.8
1.986440677966102,1.3475927732197299e-05,4.8
2.037118644067797,1.3182227340452988e-05,4.8
2.0877966101694914,1.2911577574054529e-05,4.8
2.1384745762711863,1.266187325104326e-05,4.8
2.1891525423728813,1.2430666212471315e-05,4.8
2.239830508474576,1.2215683011056219e-05,4.8
2.290508474576271,1.2014913040203963e-05,4.8
2.341186440677966,1.1826609232824687e-05,4.8
2.391864406779661,1.164925755051632e-05,4.8
2.442542372881356,1.1481595782976524e-05,4.8
2.493220338983051,1.1322614730883841e-05,4.8
2.543898305084746,1.1171442825582837e-05,4.8
2.594576271186441,1.1027351430710168e-05,4.8
2.645254237288136,1.088972232234144e-05,4.8
2.6959322033898308,1.0757991241723953e-05,4.8
2.7466101694915257,1.0631671867925636e-05,4.8
2.7972881355932206,1.051034634200112e-05,4.8
2.847966101694915,1.03936222267863e-05,4.8
2.89864406779661,1.0281115941088136e-05,4.8
2.949322033898305,1.017248628035987e-05,4.8
3.0,1.006740956769084e-05,4.8
0.01,7.51989873231518e-05,5.0
0.06067796610169492,7.45391873750947e-05,5.0
0.11135593220338984,7.286354928652314e-05,5.0
0.16203389830508477,7.058388555463334e-05,5.0
0.2127118644067797,6.793372713428632e-05,5.0
0.26338983050847464,6.511210633716386e-05,5.0
0.31406779661016954,6.221263344885663e-05,5.0
0.36474576271186443,5.9268229447700744e-05,5.0
0.4154237288135594,5.631128283642376e-05,5.0
0.4661016949152543,5.337762225085952e-05,5.0
0.5167796610169493,5.049665033436444e-05,5.0
0.5674576271186441,4.769532487419636e-05,5.0
0.6181355932203391,4.498851046023826e-05,5.0
0.668813559322034,4.237902853122874e-05,5.0
0.7194915254237289,3.986798271197972e-05,5.0
0.7701694915254238,3.745624633721388e-05,5.0
0.8208474576271187,3.5145777209495875e-05,5.0
0.8715254237288137,3.296177178516324e-05,5.0
0.9222033898305086,3.09414695887722e-05,5.0
0.9728813559322035,2.9099822165190082e-05,5.0
1.0235593220338985,2.74322569077731e-05,5.0
1.0742372881355933,2.592668346696992e-05,5.0
1.1249152542372882,2.4568118942747222e-05,5.0
1.1755932203389832,2.33395037878753e-05,5.0
1.2262711864406781,2.222381492204212e-05,5.0
1.276949152542373,2.120633902098492e-05,5.0
1.327627118644068,2.028225250133908e-05,5.0
1.378305084745763,1.9450782926595878e-05,5.0
1.4289830508474577,1.8706783923942226e-05,5.0
1.4796610169491526,1.8042303504970665e-05,5.0
1.5303389830508476,1.7443602744592958e-05,5.0
1.5810169491525425,1.689631325805759e-05,5.0
1.6316949152542375,1.6389025097295683e-05,5.0
1.6823728813559324,1.591329849729525e-05,5.0
1.7330508474576274,1.5462629597903528e-05,5.0
1.7837288135593223,1.5034817856825038e-05,5.0
1.8344067796610173,1.4630841849176751e-05,5.0
1.885084745762712,1.4251981488179495e-05,5.0
1.935762711864407,1.389901460295978e-05,5.0
1.986440677966102,1.3571781145240872e-05,5.0
2.037118644067797,1.3269256177951386e-05,5.0
2.0877966101694914,1.2989976360648672e-05,5.0
2.1384745762711863,1.2732292810980128e-05,5.0
2.1891525423728813,1.2494008490064294e-05,5.0
2.239830508474576,1.22728058651712e-05,5.0
2.290508474576271,1.206661299360585e-05,5.0
2.341186440677966,1.1873592579854242e-05,5.0
2.391864406779661,1.1692143836693743e-05,5.0
2.442542372881356,1.1520892746723734e-05,5.0
2.493220338983051,1.1358729946952355e-05,5.0
2.543898305084746,1.1204715361442442e-05,5.0
2.594576271186441,1.1058065693748916e-05,5.0
2.645254237288136,1.0918122636213775e-05,5.0
2.6959322033898308,1.0784296385440354e-05,5.0
2.7466101694915257,1.0656080258249127e-05,5.0
2.7972881355932206,1.0533029647539307e-05,5.0
2.847966101694915,1.041476473486018e-05,5.0
2.89864406779661,1.0300913715793565e-05,5.0
2.949322033898305,1.0191126082815518e-05,5.0
3.0,1.0085063180576064e-05,5.0
0.01,7.516872719806322e-05,5.2
0.06067796610169492,7.450545813935625e-05,5.2
0.11135593220338984,7.28591715504879e-05,5.2
0.16203389830508477,7.063064952179302e-05,5.2
0.2127118644067797,6.805987692926936e-05,5.2
0.26338983050847464,6.532888442985444e-05,5.2
0.31406779661016954,6.252211189699998e-05,5.2
0.36474576271186443,5.9667691489722114e-05,5.2
0.4154237288135594,5.679414180025071e-05,5.2
0.4661016949152543,5.393646923441256e-05,5.2
0.5167796610169493,5.1120755551541076e-05,5.2
0.5674576271186441,4.8369112090655494e-05,5.2
0.6181355932203391,4.5697364032538116e-05,5.2
0.668813559322034,4.311224126463917e-05,5.2
0.7194915254237289,4.061828586098102e-05,5.2
0.7701694915254238,3.8218499521956174e-05,5.2
0.8208474576271187,3.591469433748673e-05,5.2
0.8715254237288137,3.371348716334535e-05,5.2
0.9222033898305086,3.164727366397807e-05,5.2
0.9728813559322035,2.9745815470088575e-05,5.2
1.0235593220338985,2.8016530853683844e-05,5.2
1.0742372881355933,2.645162715222306e-05,5.2
1.1249152542372882,2.5038714863168365e-05,5.2
1.1755932203389832,2.3762618486594768e-05,5.2
1.2262711864406781,2.2606840880241634e-05,5.2
1.276949152542373,2.1555387309649575e-05,5.2
1.327627118644068,2.0596141532582326e-05,5.2
1.378305084745763,1.9727239464514098e-05,5.2
1.4289830508474577,1.894662064895371e-05,5.2
1.4796610169491526,1.824839342068643e-05,5.2
1.5303389830508476,1.7623386522654653e-05,5.2
1.5810169491525425,1.705745864750025e-05,5.2
1.6316949152542375,1.653756834423964e-05,5.2
1.6823728813559324,1.6053635069753957e-05,5.2
1.7330508474576274,1.5598181872468866e-05,5.2
1.7837288135593223,1.516597659361122e-05,5.2
1.8344067796610173,1.4756305671310565e-05,5.2
1.885084745762712,1.4370283169403967e-05,5.2
1.935762711864407,1.4008962200429442e-05,5.2
1.986440677966102,1.3672813908061645e-05,5.2
2.037118644067797,1.3361346524359039e-05,5.2
2.0877966101694914,1.3073388785070994e-05,5.2
2.1384745762711863,1.2807405460986678e-05,5.2
2.1891525423728813,1.2561590981395196e-05,5.2
2.239830508474576,1.2333741860901273e-05,5.2
2.290508474576271,1.2121719865606364e-05,5.2
2.341186440677966,1.192360854185732e-05,5.2
2.391864406779661,1.1737724367190033e-05,5.2
2.442542372881356,1.156262247364627e-05,5.2
2.493220338983051,1.1397052869450318e-05,5.2
2.543898305084746,1.1240001862926113e-05,5.2
2.594576271186441,1.109064430456339e-05,5.2
2.645254237288136,1.0948256011413018e-05,5.2
2.6959322033898308,1.081221710599147e-05,5.2
2.7466101694915257,1.0682000665113549e-05,5.2
2.7972881355932206,1.0557143899376314e-05,5.2
2.847966101694915,1.043723430094521e-05,5.2
2.89864406779661,1.0321909263064159e-05,5.2
2.949322033898305,1.0210834076981145e-05,5.2
3.0,1.0103677476377127e-05,5.2
0.01,7.513675490628629e-05,5.4
0.06067796610169492,7.446960443538146e-05,5.4
0.11135593220338984,7.285268491967726e-05,5.4
0.16203389830508477,7.067467843788052e-05,5.4
0.2127118644067797,6.817864600918088e-05,5.4
0.26338983050847464,6.553338617199213e-05,5.4
0.31406779661016954,6.28146136565208e-05,5.4
0.36474576271186443,6.004741002686458e-05,5.4
0.4154237288135594,5.725631617287019e-05,5.4
0.4661016949152543,5.447392971216577e-05,5.4
0.5167796610169493,5.172502117804646e-05,5.4
0.5674576271186441,4.902714781394222e-05,5.4
0.6181355932203391,4.6394224710212755e-05,5.4
0.668813559322034,4.38361489765487e-05,5.4
0.7194915254237289,4.136087603660611e-05,5.4
0.7701694915254238,3.897385712389742e-05,5.4
0.8208474576271187,3.667850232508898e-05,5.4
0.8715254237288137,3.447716230165172e-05,5.4
0.9222033898305086,3.2382875743051904e-05,5.4
0.9728813559322035,3.042993051933313e-05,5.4
1.0235593220338985,2.8640001243234628e-05,5.4
1.0742372881355933,2.7014587264966666e-05,5.4
1.1249152542372882,2.5544204845743796e-05,5.4
1.1755932203389832,2.4216220583490797e-05,5.4
1.2262711864406781,2.301553566484535e-05,5.4
1.276949152542373,2.1926290123023072e-05,5.4
1.327627118644068,2.0933617511995427e-05,5.4
1.378305084745763,2.0028766221364553e-05,5.4
1.4289830508474577,1.9211201836117297e-05,5.4
1.4796610169491526,1.8477459795993183e-05,5.4
1.5303389830508476,1.7821137084252794e-05,5.4
1.5810169491525425,1.7231642960462305e-05,5.4
1.6316949152542375,1.6695161464394533e-05,5.4
1.6823728813559324,1.6199971044165167e-05,5.4
1.7330508474576274,1.573720941577166e-05,5.4
1.7837288135593223,1.5300258342696972e-05,5.4
1.8344067796610173,1.4885432421301702e-05,5.4
1.885084745762712,1.4492950852973125e-05,5.4
1.935762711864407,1.4123874401885701e-05,5.4
1.986440677966102,1.3779049495131175e-05,5.4
2.037118644067797,1.3458604999517629e-05,5.4
2.0877966101694914,1.3161805089007366e-05,5.4
2.1384745762711863,1.2887347441710572e-05,5.4
2.1891525423728813,1.2633625493735993e-05,5.4
2.239830508474576,1.2398692507418448e-05,5.4
2.290508474576271,1.2180429936454423e-05,5.4
2.341186440677966,1.1976842284753442e-05,5.4
2.391864406779661,1.1786186161958943e-05,5.4
2.442542372881356,1.1606914043005684e-05,5.4
2.493220338983051,1.143769233163762e-05,5.4
2.543898305084746,1.127740814844689e-05,5.4
2.594576271186441,1.1125166285973727e-05,5.4
2.645254237288136,1.0980187043071573e-05,5.4
2.6959322033898308,1.0841812789251754e-05,5.4
2.7466101694915257,1.0709490377566074e-05,5.4
2.7972881355932206,1.0582724880761737e-05,5.4
2.847966101694915,1.0461088116662952e-05,5.4
2.89864406779661,1.0344196330448546e-05,5.4
2.949322033898305,1.0231716361959307e-05,5.4
3.0,1.0123333547264007e-05,5.4
0.01,7.510287008385754e-05,5.6
0.06067796610169492,7.443124006414584e-05,5.6
0.11135593220338984,7.284401246820282e-05,5.6
0.16203389830508477,7.071683342266212e-05,5.6
0.2127118644067797,6.829051230616518e-05,5.6
0.26338983050847464,6.572623131453511e-05,5.6
0.31406779661016954,6.309109317525943e-05,5.6
0.36474576271186443,6.0407298079184626e-05,5.6
0.4154237288135594,5.7697451999115484e-05,5.6
0.4661016949152543,5.4989737059505e-05,5.6
0.5167796610169493,5.230760035865768e-05,5.6
0.5674576271186441,4.966679809503025e-05,5.6
0.6181355932203391,4.7077024612341946e-05,5.6
0.668813559322034,4.454953759387821e-05,5.6
0.7194915254237289,4.2095329451818734e-05,5.6
0.7701694915254238,3.9722481481535824e-05,5.6
0.8208474576271187,3.743630106387045e-05,5.6
0.8715254237288137,3.524013404537211e-05,5.6
0.9222033898305086,3.313686396026511e-05,5.6
0.9728813559322035,3.114689616560566e-05,5.6
1.0235593220338985,2.9301784925167414e-05,5.6
1.0742372881355933,2.761585012130534e-05,5.6
1.1249152542372882,2.6086264405794718e-05,5.6
1.1755932203389832,2.470287272710284e-05,5.6
1.2262711864406781,2.3452781285854268e-05,5.6
1.276949152542373,2.232108754456088e-05,5.6
1.327627118644068,2.1292701916376753e-05,5.6
1.378305084745763,2.0354190716628825e-05,5.6
1.4289830508474577,1.950029762047291e-05,5.6
1.4796610169491526,1.8730417371343072e-05,5.6
1.5303389830508476,1.8039934418183466e-05,5.6
1.5810169491525425,1.7421798425394977e-05,5.6
1.6316949152542375,1.6864202629218065e-05,5.6
1.6823728813559324,1.635420969433149e-05,5.6
1.7330508474576274,1.5881355959438238e-05,5.6
1.7837288135593223,1.543784523356552e-05,5.6
1.8344067796610173,1.5017979393960965e-05,5.6
1.885084745762712,1.461962562493166e-05,5.6
1.935762711864407,1.4243450311105059e-05,5.6
1.986440677966102,1.3890409063470347e-05,5.6
2.037118644067797,1.356110123660751e-05,5.6
2.0877966101694914,1.325534343315311e-05,5.6
2.1384745762711863,1.2972200104315286e-05,5.6
2.1891525423728813,1.2710277982680312e-05,5.6
2.239830508474576,1.246786156483601e-05,5.6
2.290508474576271,1.2242934117104428e-05,5.6
2.341186440677966,1.2033483139358014e-05,5.6
2.391864406779661,1.1837683772383704e-05,5.6
2.442542372881356,1.1653918513927972e-05,5.6
2.493220338983051,1.1480769919465234e-05,5.6
2.543898305084746,1.1317028933686671e-05,5.6
2.594576271186441,1.1161711497734326e-05,5.6
2.645254237288136,1.1013980022058547e-05,5.6
2.6959322033898308,1.087314158024817e-05,5.6
2.7466101694915257,1.0738594111181954e-05,5.6
2.7972881355932206,1.0609818721314412e-05,5.6
2.847966101694915,1.048636233227282e-05,5.6
2.89864406779661,1.0367827739226171e-05,5.6
2.949322033898305,1.0253847376541975e-05,5.6
3.0,1.0144114259782496e-05,5.6
0.01,7.506686308996356e-05,5.8
0.06067796610169492,7.439042677776353e-05,5.8
0.11135593220338984,7.28334163756642e-05,5.8
0.16203389830508477,7.075756706817933e-05,5.8
0.2127118644067797,6.839593905427118e-05,5.8
0.26338983050847464,6.590816379702738e-05,5.8
0.31406779661016954,6.335240384304266e-05,5.8
0.36474576271186443,6.074816424947149e-05,5.8
0.4154237288135594,5.811723468324974e-05,5.8
0.4661016949152543,5.5483604594141384e-05,5.8
0.5167796610169493,5.286804241039842e-05,5.8
0.5674576271186441,5.0285651033408793e-05,5.8
0.6181355932203391,4.7743315835565126e-05,5.8
0.668813559322034,4.525062949748217e-05,5.8
0.7194915254237289,4.282065309964702e-05,5.8
0.7701694915254238,4.046407885219078e-05,5.8
0.8208474576271187,3.818826897757067e-05,5.8
0.8715254237288137,3.599803050964338e-05,5.8
0.9222033898305086,3.38960676481966e-05,5.8
0.9728813559322035,3.188747231569493e-05,5.8
1.0235593220338985,2.999833839532481e-05,5.8
1.0742372881355933,2.8255027507561e-05,5.8
1.1249152542372882,2.666566819650438e-05,5.8
1.1755932203389832,2.522455205805602e-05,5.8
1.2262711864406781,2.392123753163726e-05,5.8
1.276949152542373,2.2742601093174916e-05,5.8
1.327627118644068,2.167411631953302e-05,5.8
1.378305084745763,2.0701510593006586e-05,5.8
1.4289830508474577,1.9813343165693742e-05,5.8
1.4796610169491526,1.9007228434844225e-05,5.8
1.5303389830508476,1.828160658622062e-05,5.8
1.5810169491525425,1.7630972113337848e-05,5.8
1.6316949152542375,1.7047420493439918e-05,5.8
1.6823728813559324,1.6518502664361568e-05,5.8
1.7330508474576274,1.6032404837971524e-05,5.8
1.7837288135593223,1.5579833966241135e-05,5.8
1.8344067796610173,1.515391916097047e-05,5.8
1.885084745762712,1.4750031270286925e-05,5.8
1.935762711864407,1.436734727442123e-05,5.8
1.986440677966102,1.4006680169244033e-05,5.8
2.037118644067797,1.366882954702038e-05,5.8
2.0877966101694914,1.3354121572433404e-05,5.8
2.1384745762711863,1.3062111252706013e-05,5.8
2.1891525423728813,1.2791703488030313e-05,5.8
2.239830508474576,1.2541433612608744e-05,5.8
2.290508474576271,1.2309433362936264e-05,5.8
2.341186440677966,1.209371295611613e-05,5.8
2.391864406779661,1.1892404118399108e-05,5.8
2.442542372881356,1.1703801071474684e-05,5.8
2.493220338983051,1.1526420215834314e-05,5.8
2.543898305084746,1.1358980057774894e-05,5.8
2.594576271186441,1.1200382990348063e-05,5.8
2.645254237288136,1.1049730299569591e-05,5.8
2.6959322033898308,1.0906276786851216e-05,5.8
2.7466101694915257,1.0769373388704853e-05,5.8
2.7972881355932206,1.0638475183808738e-05,5.8
2.847966101694915,1.0513104250210123e-05,5.8
2.89864406779661,1.0392822937262214e-05,5.8
2.949322033898305,1.0277271314805939e-05,5.8
3.0,1.0166105815009277e-05,5.8
0.01,7.502845630134899e-05,6.0
0.06067796610169492,7.434743541575812e-05,6.0
0.11135593220338984,7.282116565722746e-05,6.0
0.16203389830508477,7.079597948510766e-05,6.0
0.2127118644067797,6.849557063778781e-05,6.0
0.26338983050847464,6.607990120523068e-05,6.0
0.31406779661016954,6.359933426872487e-05,6.0
0.36474576271186443,6.107105213382914e-05,6.0
0.4154237288135594,5.8515781028370536e-05,6.0
0.4661016949152543,5.595525148674782e-05,6.0
0.5167796610169493,5.34061143794197e-05,6.0
0.5674576271186441,5.088242522607265e-05,6.0
0.6181355932203391,4.839053736967565e-05,6.0
0.668813559322034,4.593716491946522e-05,6.0
0.7194915254237289,4.3535335698890834e-05,6.0
0.7701694915254238,4.119780562428015e-05,6.0
0.8208474576271187,3.893417606191496e-05,6.0
0.8715254237288137,3.6750910241807904e-05,6.0
0.9222033898305086,3.46519333459078e-05,6.0
0.9728813559322035,3.2639265989674815e-05,6.0
1.0235593220338985,3.072247211503842e-05,6.0
1.0742372881355933,2.89300106682544e-05,6.0
1.1249152542372882,2.7282296415354268e-05,6.0
1.1755932203389832,2.5782470835865635e-05,6.0
1.2262711864406781,2.4423136216402232e-05,6.0
1.276949152542373,2.319355646318553e-05,6.0
1.327627118644068,2.2080536331826317e-05,6.0
1.378305084745763,2.1070061639463732e-05,6.0
1.4289830508474577,2.0148717010887283e-05,6.0
1.4796610169491526,1.9307770806561665e-05,6.0
1.5303389830508476,1.8546385058022534e-05,6.0
1.5810169491525425,1.786172067462832e-05,6.0
1.6316949152542375,1.7247740995900235e-05,6.0
1.6823728813559324,1.669538197719367e-05,6.0
1.7330508474576274,1.6192323232103118e-05,6.0
1.7837288135593223,1.5727869655880753e-05,6.0
1.8344067796610173,1.529379762585069e-05,6.0
1.885084745762712,1.488403569887007e-05,6.0
1.935762711864407,1.4495288942715065e-05,6.0
1.986440677966102,1.4127552455846255e-05,6.0
2.037118644067797,1.378164835095524e-05,6.0
2.0877966101694914,1.345818322110126e-05,6.0
2.1384745762711863,1.315722415555618e-05,6.0
2.1891525423728813,1.2878095414628888e-05,6.0
2.239830508474576,1.2619576643089483e-05,6.0
2.290508474576271,1.2380109914713785e-05,6.0
2.341186440677966,1.2157717159152909e-05,6.0
2.391864406779661,1.1950515135147359e-05,6.0
2.442542372881356,1.1756728641840028e-05,6.0
2.493220338983051,1.157479798497133e-05,6.0
2.543898305084746,1.1403377910150768e-05,6.0
2.594576271186441,1.1241279746477437e-05,6.0
2.645254237288136,1.1087517730450382e-05,6.0
2.6959322033898308,1.0941286133661817e-05,6.0
2.7466101694915257,1.0801891467417118e-05,6.0
2.7972881355932206,1.0668752504410138e-05,6.0
2.847966101694915,1.0541350784828532e-05,6.0
2.89864406779661,1.0419242692159017e-05,6.0
2.949322033898305,1.0302023459425746e-05,6.0
3.0,1.0189343838133989e-05,6.0
0.01,7.498736184305109e-05,6.2
0.06067796610169492,7.430246831831784e-05,6.2
0.11135593220338984,7.280742202686774e-05,6.2
0.16203389830508477,7.083067077450935e-05,6.2
0.2127118644067797,6.859043627178461e-05,6.2
0.26338983050847464,6.624211903603414e-05,6.2
0.31406779661016954,6.38327648681994e-05,6.2
0.36474576271186443,6.13769077625129e-05,6.2
0.4154237288135594,5.889403245943331e-05,6.2
0.4661016949152543,5.640448234508645e-05,6.2
0.5167796610169493,5.3921572745931324e-05,6.2
0.5674576271186441,5.145684872489669e-05,6.2
0.6181355932203391,4.9016619769093535e-05,6.2
0.668813559322034,4.660660057891376e-05,6.2
0.7194915254237289,4.423728685106377e-05,6.2
0.7701694915254238,4.1922333975044495e-05,6.2
0.8208474576271187,3.967330935476524e-05,6.2
0.8715254237288137,3.7498611422509044e-05,6.2
0.9222033898305086,3.5403550831038835e-05,6.2
0.9728813559322035,3.3391123019235775e-05,6.2
1.0235593220338985,3.146326321342819e-05,6.2
1.0742372881355933,2.9635433785924614e-05,6.2
1.1249152542372882,2.7935074834736094e-05,6.2
1.1755932203389832,2.6376857048967595e-05,6.2
1.2262711864406781,2.4960028233633518e-05,6.2
1.276949152542373,2.3676330439962548e-05,6.2
1.327627118644068,2.2514689277897598e-05,6.2
1.378305084745763,2.1462029117088852e-05,6.2
1.4289830508474577,2.0504903022176934e-05,6.2
1.4796610169491526,1.963095240729869e-05,6.2
1.5303389830508476,1.8834448942911935e-05,6.2
1.5810169491525425,1.811480870872008e-05,6.2
1.6316949152542375,1.7468022413119774e-05,6.2
1.6823728813559324,1.6887607683345805e-05,6.2
1.7330508474576274,1.6363410081652838e-05,6.2
1.7837288135593223,1.5883739553686422e-05,6.2
1.8344067796610173,1.543897827752507e-05,6.2
1.885084745762712,1.5021836256189188e-05,6.2
1.935762711864407,1.4627081181702214e-05,6.2
1.986440677966102,1.4252752467229842e-05,6.2
2.037118644067797,1.389931304856226e-05,6.2
2.0877966101694914,1.3567469452144993e-05,6.2
2.1384745762711863,1.3257635062151807e-05,6.2
2.1891525423728813,1.296962139702154e-05,6.2
2.239830508474576,1.2702558796440467e-05,6.2
2.290508474576271,1.2455143026798082e-05,6.2
2.341186440677966,1.2225683234382362e-05,6.2
2.391864406779661,1.2012191728418135e-05,6.2
2.442542372881356,1.1812860532770123e-05,6.2
2.493220338983051,1.1626065732893528e-05,6.2
2.543898305084746,1.1450368542480151e-05,6.2
2.594576271186441,1.128451729962803e-05,6.2
2.645254237288136,1.1127438039438193e-05,6.2
2.6959322033898308,1.0978255347578989e-05,6.2
2.7466101694915257,1.0836223563725655e-05,6.2
2.7972881355932206,1.0700710458402535e-05,6.2
2.847966101694915,1.0571166342670159e-05,6.2
2.89864406779661,1.0447118650480781e-05,6.2
2.949322033898305,1.0328146999214303e-05,6.2
3.0,1.0213871230703143e-05,6.2
0.01,7.494323636372607e-05,6.4
0.06067796610169492,7.425549998241479e-05,6.4
0.11135593220338984,7.279213812077224e-05,6.4
0.16203389830508477,7.086093428993575e-05,6.4
0.2127118644067797,6.868128631815392e-05,6.4
0.26338983050847464,6.639548199212224e-05,6.4
0.31406779661016954,6.405357051335052e-05,6.4
0.36474576271186443,6.166660765863099e-05,6.4
0.4154237288135594,5.925307139628329e-05,6.4
0.4661016949152543,5.6831683211900295e-05,6.4
0.5167796610169493,5.441418956486842e-05,6.4
0.5674576271186441,5.200867984309419e-05,6.4
0.6181355932203391,4.962074436923897e-05,6.4
0.668813559322034,4.7256489575327154e-05,6.4
0.7194915254237289,4.492407631781267e-05,6.4
0.7701694915254238,4.2635790775563447e-05,6.4
0.8208474576271187,4.040453972796529e-05,6.4
0.8715254237288137,3.8240556651600905e-05,6.4
0.9222033898305086,3.615079916365443e-05,6.4
0.9728813559322035,3.413952377873728e-05,6.4
1.0235593220338985,3.22088946102554e-05,6.4
1.0742372881355933,3.0362199152933048e-05,6.4
1.1249152542372882,2.8620233230005344e-05,6.4
1.1755932203389832,2.7007216935342656e-05,6.4
1.2262711864406781,2.5532593591537294e-05,6.4
1.276949152542373,2.4192769889379125e-05,6.4
1.327627118644068,2.2979061864395857e-05,6.4
1.378305084745763,2.1880104284826845e-05,6.4
1.4289830508474577,2.0883059469126485e-05,6.4
1.4796610169491526,1.997508699368728e-05,6.4
1.5303389830508476,1.9145269222565984e-05,6.4
1.5810169491525425,1.839057490957534e-05,6.4
1.6316949152542375,1.7709803917148843e-05,6.4
1.6823728813559324,1.7098055176065985e-05,6.4
1.7330508474576274,1.654825832345273e-05,6.4
1.7837288135593223,1.604953390582622e-05,6.4
1.8344067796610173,1.5591095530792644e-05,6.4
1.885084745762712,1.5164316590787446e-05,6.4
1.935762711864407,1.4762729099483397e-05,6.4
1.986440677966102,1.4382076439422521e-05,6.4
2.037118644067797,1.4021557980592718e-05,6.4
2.0877966101694914,1.3681793789661574e-05,6.4
2.1384745762711863,1.3363344979754343e-05,6.4
2.1891525423728813,1.3066417021386193e-05,6.4
2.239830508474576,1.279058655334337e-05,6.4
2.290508474576271,1.2534836212778802e-05,6.4
2.341186440677966,1.2297794140226889e-05,6.4
2.391864406779661,1.2077624268985773e-05,6.4
2.442542372881356,1.187238558087137e-05,6.4
2.493220338983051,1.1680376373828044e-05,6.4
2.543898305084746,1.150009383834697e-05,6.4
2.594576271186441,1.133021638488954e-05,6.4
2.645254237288136,1.1169601934260326e-05,6.4
2.6959322033898308,1.1017273729733058e-05,6.4
2.7466101694915257,1.0872439904028249e-05,6.4
2.7972881355932206,1.073441476988572e-05,6.4
2.847966101694915,1.0602605637005208e-05,6.4
2.89864406779661,1.0476510121987647e-05,6.4
2.949322033898305,1.0355683125354234e-05,6.4
3.0,1.0239729602415845e-05,6.4
0.01,7.489571386233713e-05,6.6
0.06067796610169492,7.420632611727014e-05,6.6
0.11135593220338984,7.27745985206129e-05,6.6
0.16203389830508477,7.088708462555209e-05,6.6
0.2127118644067797,6.876745905257104e-05,6.6
0.26338983050847464,6.654099616772017e-05,6.6
0.31406779661016954,6.426257351418956e-05,6.6
0.36474576271186443,6.194111648698279e-05,6.6
0.4154237288135594,5.959387238318346e-05,6.6
0.4661016949152543,5.723790723010274e-05,6.6
0.5167796610169493,5.488389720143021e-05,6.6
0.5674576271186441,5.2537682228854636e-05,6.6
0.6181355932203391,5.020265920527126e-05,6.6
0.668813559322034,4.78852163085737e-05,6.6
0.7194915254237289,4.5593142648576865e-05,6.6
0.7701694915254238,4.3335895129637226e-05,6.6
0.8208474576271187,4.112619491713534e-05,6.6
0.8715254237288137,3.897571927819332e-05,6.6
0.9222033898305086,3.689320880881835e-05,6.6
0.9728813559322035,3.4884320128290955e-05,6.6
1.0235593220338985,3.2952364638880883e-05,6.6
1.0742372881355933,3.1098892592456984e-05,6.6
1.1249152542372882,2.933051392152497e-05,6.6
1.1755932203389832,2.7671142270756607e-05,6.6
1.2262711864406781,2.6140642211010486e-05,6.6
1.276949152542373,2.474398072741159e-05,6.6
1.327627118644068,2.3475721160526666e-05,6.6
1.378305084745763,2.232684112999177e-05,6.6
1.4289830508474577,2.128578301358821e-05,6.6
1.4796610169491526,2.034005135051459e-05,6.6
1.5303389830508476,1.947738742044217e-05,6.6
1.5810169491525425,1.8688984601047986e-05,6.6
1.6316949152542375,1.797356089122567e-05,6.6
1.6823728813559324,1.7328961669274924e-05,6.6
1.7330508474576274,1.6749627982352576e-05,6.6
1.7837288135593223,1.6227663973036243e-05,6.6
1.8344067796610173,1.57520492825957e-05,6.6
1.885084745762712,1.531295215784756e-05,6.6
1.935762711864407,1.4902651004282112e-05,6.6
1.986440677966102,1.4515417599946657e-05,6.6
2.037118644067797,1.4148190162958118e-05,6.6
2.0877966101694914,1.3800923245846624e-05,6.6
2.1384745762711863,1.3474241246496036e-05,6.6
2.1891525423728813,1.3168542440750222e-05,6.6
2.239830508474576,1.2883835400104301e-05,6.6
2.290508474576271,1.261948392357849e-05,6.6
2.341186440677966,1.2374357525595169e-05,6.6
2.391864406779661,1.2146995012267789e-05,6.6
2.442542372881356,1.1935461630585117e-05,6.6
2.493220338983051,1.1737891175371894e-05,6.6
2.543898305084746,1.1552705282736109e-05,6.6
2.594576271186441,1.1378517592749568e-05,6.6
2.645254237288136,1.1214116404285402e-05,6.6
2.6959322033898308,1.1058445983274426e-05,6.6
2.7466101694915257,1.091062951943491e-05,6.6
2.7972881355932206,1.0769934126324142e-05,6.6
2.847966101694915,1.0635727505805116e-05,6.6
2.89864406779661,1.0507468828676262e-05,6.6
2.949322033898305,1.0384681673573856e-05,6.6
3.0,1.0266947773208737e-05,6.6
0.01,7.484448744415777e-05,6.8
0.06067796610169492,7.415480063921582e-05,6.8
0.11135593220338984,7.275369937139444e-05,6.8
0.16203389830508477,7.090951812301424e-05,6.8
0.2127118644067797,6.884760275765614e-05,6.8
0.26338983050847464,6.667979857675896e-05,6.8
0.31406779661016954,6.446052092123226e-05,6.8
0.36474576271186443,6.220138364490577e-05,6.8
0.4154237288135594,5.991737226716134e-05,6.8
0.4661016949152543,5.762423163392055e-05,6.8
0.5167796610169493,5.533134580716109e-05,6.8
0.5674576271186441,5.304364791933859e-05,6.8
0.6181355932203391,5.0762082571149306e-05,6.8
0.668813559322034,4.849231041326504e-05,6.8
0.7194915254237289,4.624230419723806e-05,6.8
0.7701694915254238,4.40201083889269e-05,6.8
0.8208474576271187,4.1836156984312326e-05,6.8
0.8715254237288137,3.9702671245133e-05,6.8
0.9222033898305086,3.762990085096979e-05,6.8
0.9728813559322035,3.562512987864465e-05,6.8
1.0235593220338985,3.36929701301735e-05,6.8
1.0742372881355933,3.183595974135044e-05,6.8
1.1249152542372882,3.0055491688238735e-05,6.8
1.1755932203389832,2.8363054413024517e-05,6.8
1.2262711864406781,2.6782822471338487e-05,6.8
1.276949152542373,2.5330070584199486e-05,6.8
1.327627118644068,2.4006107927283237e-05,6.8
1.378305084745763,2.280444271424212e-05,6.8
1.4289830508474577,2.171564499722118e-05,6.8
1.4796610169491526,2.0728122371560722e-05,6.8
1.5303389830508476,1.9829732018989603e-05,6.8
1.5810169491525425,1.9008985637098148e-05,6.8
1.6316949152542375,1.8259647516137398e-05,6.8
1.6823728813559324,1.758110896727503e-05,6.8
1.7330508474576274,1.6970139383406294e-05,6.8
1.7837288135593223,1.642073990279916e-05,6.8
1.8344067796610173,1.5924052463056986e-05,6.8
1.885084745762712,1.5469465504085295e-05,6.8
1.935762711864407,1.5048043297228869e-05,6.8
1.986440677966102,1.4652896617188716e-05,6.8
2.037118644067797,1.4279046119921428e-05,6.8
2.0877966101694914,1.3924662790575359e-05,6.8
2.1384745762711863,1.359013228367842e-05,6.8
2.1891525423728813,1.3275959194055488e-05,6.8
2.239830508474576,1.2982406912350058e-05,6.8
2.290508474576271,1.2709266659303125e-05,6.8
2.341186440677966,1.2455738752486378e-05,6.8
2.391864406779661,1.2220595960369013e-05,6.8
2.442542372881356,1.2002276004178898e-05,6.8
2.493220338983051,1.17987744382073e-05,6.8
2.543898305084746,1.1608356571096628e-05,6.8
2.594576271186441,1.1429561848161493e-05,6.8
2.645254237288136,1.1261108268852784e-05,6.8
2.6959322033898308,1.1101864541417486e-05,6.8
2.7466101694915257,1.0950882572765979e-05,6.8
2.7972881355932206,1.0807351623805829e-05,6.8
2.847966101694915,1.0670601838934177e-05,6.8
2.89864406779661,1.0540053110322334e-05,6.8
2.949322033898305,1.0415193437584665e-05,6.8
3.0,1.0295580114484745e-05,6.8
0.01,7.478923826799131e-05,7.0
0.06067796610169492,7.410077680384085e-05,7.0
0.11135593220338984,7.272871338568699e-05,7.0
0.16203389830508477,7.09285777379607e-05,7.0
0.2127118644067797,6.892098682584958e-05,7.0
0.26338983050847464,6.681214632845105e-05,7.0
0.31406779661016954,6.464843437121807e-05,7.0
0.36474576271186443,6.24482913866456e-05,7.0
0.4154237288135594,6.0224583295397996e-05,7.0
0.4661016949152543,5.7991624497737656e-05,7.0
0.5167796610169493,5.575761971276297e-05,7.0
0.5674576271186441,5.352668914994363e-05,7.0
0.6181355932203391,5.129874506620038e-05,7.0
0.668813559322034,4.907743843718227e-05,7.0
0.7194915254237289,4.687054461845645e-05,7.0
0.7701694915254238,4.4685993337563046e-05,7.0
0.8208474576271187,4.253199308254937e-05,7.0
0.8715254237288137,4.0419459313055086e-05,7.0
0.9222033898305086,3.83595779642295e-05,7.0
0.9728813559322035,3.6361200915154054e-05,7.0
1.0235593220338985,3.443039182707373e-05,7.0
1.0742372881355933,3.257089640312007e-05,7.0
1.1249152542372882,3.078468356509398e-05,7.0
1.1755932203389832,2.90739416162527e-05,7.0
1.2262711864406781,2.745504335504087e-05,7.0
1.276949152542373,2.5950362019263387e-05,7.0
1.327627118644068,2.4570731695104717e-05,7.0
1.378305084745763,2.3314627490392113e-05,7.0
1.4289830508474577,2.217496189904026e-05,7.0
1.4796610169491526,2.114186690284027e-05,7.0
1.5303389830508476,2.0203841902649185e-05,7.0
1.5810169491525425,1.934918289212683e-05,7.0
1.6316949152542375,1.8567492700736343e-05,7.0
1.6823728813559324,1.78550901095264e-05,7.0
1.7330508474576274,1.72111226858218e-05,7.0
1.7837288135593223,1.6631446588275014e-05,7.0
1.8344067796610173,1.6109559897061258e-05,7.0
1.885084745762712,1.563587983322746e-05,7.0
1.935762711864407,1.5200474077852772e-05,7.0
1.986440677966102,1.4795261308627387e-05,7.0
2.037118644067797,1.4414090863116013e-05,7.0
2.0877966101694914,1.4052857222593138e-05,7.0
2.1384745762711863,1.3710835042046368e-05,7.0
2.1891525423728813,1.3388521904291553e-05,7.0
2.239830508474576,1.3086326661978733e-05,7.0
2.290508474576271,1.2804344825252602e-05,7.0
2.341186440677966,1.2542169206322386e-05,7.0
2.391864406779661,1.229884342048064e-05,7.0
2.442542372881356,1.2073098634478902e-05,7.0
2.493220338983051,1.1863209744035631e-05,7.0
2.543898305084746,1.1667214593285152e-05,7.0
2.594576271186441,1.1483498175604472e-05,7.0
2.645254237288136,1.1310706086196727e-05,7.0
2.6959322033898308,1.1147644233823843e-05,7.0
2.7466101694915257,1.0993289671735852e-05,7.0
2.7972881355932206,1.0846747791805092e-05,7.0
2.847966101694915,1.070730186327135e-05,7.0
2.89864406779661,1.0574325453543305e-05,7.0
2.949322033898305,1.0447273492901442e-05,7.0
3.0,1.0325673022165276e-05,7.0
0.01,7.472962195207884e-05,7.2
0.06067796610169492,7.404406063977353e-05,7.2
0.11135593220338984,7.269965102085577e-05,7.2
0.16203389830508477,7.094440598875008e-05,7.2
0.2127118644067797,6.898800412420171e-05,7.2
0.26338983050847464,6.69369152017803e-05,7.2
0.31406779661016954,6.482757218778479e-05,7.2
0.36474576271186443,6.2682652179197e-05,7.2
0.4154237288135594,6.0516482087427874e-05,7.2
0.4661016949152543,5.8341062498502565e-05,7.2
0.5167796610169493,5.6163749161151094e-05,7.2
0.5674576271186441,5.3987653845018306e-05,7.2
0.6181355932203391,5.18124813817214e-05,7.2
0.668813559322034,4.96402765829304e-05,7.2
0.7194915254237289,4.747743946010009e-05,7.2
0.7701694915254238,4.533185830441854e-05,7.2
0.8208474576271187,4.321117717061005e-05,7.2
0.8715254237288137,4.112379185439678e-05,7.2
0.9222033898305086,3.90805223936251e-05,7.2
0.9728813559322035,3.709139380782193e-05,7.2
1.0235593220338985,3.516399097813396e-05,7.2
1.0742372881355933,3.3303411836405666e-05,7.2
1.1249152542372882,3.1512711818592736e-05,7.2
1.1755932203389832,2.9793367726023623e-05,7.2
1.2262711864406781,2.8149878382692223e-05,7.2
1.276949152542373,2.660206340046983e-05,7.2
1.327627118644068,2.516928021462747e-05,7.2
1.378305084745763,2.3858326139892735e-05,7.2
1.4289830508474577,2.2665639307937986e-05,7.2
1.4796610169491526,2.1583662581378388e-05,7.2
1.5303389830508476,2.0602212068799072e-05,7.2
1.5810169491525425,1.9709980111533847e-05,7.2
1.6316949152542375,1.889578619773489e-05,7.2
1.6823728813559324,1.815081235113489e-05,7.2
1.7330508474576274,1.7473325557655944e-05,7.2
1.7837288135593223,1.6861745293443917e-05,7.2
1.8344067796610173,1.6311183703284443e-05,7.2
1.885084745762712,1.5814498248692987e-05,7.2
1.935762711864407,1.536178353681004e-05,7.2
1.986440677966102,1.4943923697165055e-05,7.2
2.037118644067797,1.4553616345076555e-05,7.2
2.0877966101694914,1.4185396116411459e-05,7.2
2.1384745762711863,1.383619969765293e-05,7.2
2.1891525423728813,1.3506072509889747e-05,7.2
2.239830508474576,1.3195516262443207e-05,7.2
2.290508474576271,1.2904793007010964e-05,7.2
2.341186440677966,1.2633823862169103e-05,7.2
2.391864406779661,1.238203647934579e-05,7.2
2.442542372881356,1.2148358905708138e-05,7.2
2.493220338983051,1.1931438649429491e-05,7.2
2.543898305084746,1.1729437837556842e-05,7.2
2.594576271186441,1.154047395325533e-05,7.2
2.645254237288136,1.136304924013586e-05,7.2
2.6959322033898308,1.1195910850366557e-05,7.2
2.7466101694915257,1.1037948709947066e-05,7.2
2.7972881355932206,1.0888217088935654e-05,7.2
2.847966101694915,1.0745904767906979e-05,7.2
2.89864406779661,1.0610356815619018e-05,7.2
2.949322033898305,1.0480984861095513e-05,7.2
3.0,1.0357284169283102e-05,7.2
0.01,7.466532462218908e-05,7.4
0.06067796610169492,7.398446898462464e-05,7.4
0.11135593220338984,7.266684703674738e-05,7.4
0.16203389830508477,7.095642091353949e-05,7.4
0.2127118644067797,6.904925206617377e-05,7.4
0.26338983050847464,6.705306122477437e-05,7.4
0.31406779661016954,6.49984685127018e-05,7.4
0.36474576271186443,6.290556854787362e-05,7.4
0.4154237288135594,6.079396017076977e-05,7.4
0.4661016949152543,5.8673569852761914e-05,7.4
0.5167796610169493,5.655067801541119e-05,7.4
0.5674576271186441,5.442758957306857e-05,7.4
0.6181355932203391,5.2303641166796024e-05,7.4
0.668813559322034,5.01805379910157e-05,7.4
0.7194915254237289,4.806262033955854e-05,7.4
0.7701694915254238,4.595711612354842e-05,7.4
0.8208474576271187,4.3871576764496976e-05,7.4
0.8715254237288137,4.181316076593081e-05,7.4
0.9222033898305086,3.979058071000062e-05,7.4
0.9728813559322035,3.781414211467017e-05,7.4
1.0235593220338985,3.5892757598097125e-05,7.4
1.0742372881355933,3.403296289512294e-05,7.4
1.1249152542372882,3.223904809183623e-05,7.4
1.1755932203389832,3.0513487250321407e-05,7.4
1.2262711864406781,2.8857507640607405e-05,7.4
1.276949152542373,2.727929239537189e-05,7.4
1.327627118644068,2.580003349172574e-05,7.4
1.378305084745763,2.4435494095853864e-05,7.4
1.4289830508474577,2.3188972450972567e-05,7.4
1.4796610169491526,2.2055568249186243e-05,7.4
1.5303389830508476,2.1027263434486e-05,7.4
1.5810169491525425,2.0093703905059e-05,7.4
1.6316949152542375,1.9243917784480205e-05,7.4
1.6823728813559324,1.846725127739354e-05,7.4
1.7330508474576274,1.7757062148463038e-05,7.4
1.7837288135593223,1.711256853481816e-05,7.4
1.8344067796610173,1.6531293202322865e-05,7.4
1.885084745762712,1.6007778435141245e-05,7.4
1.935762711864407,1.5534107253842052e-05,7.4
1.986440677966102,1.5100559197007148e-05,7.4
2.037118644067797,1.469879087478108e-05,7.4
2.0877966101694914,1.4322247993037932e-05,7.4
2.1384745762711863,1.3966098293462648e-05,7.4
2.1891525423728813,1.3628482224812986e-05,7.4
2.239830508474576,1.3309842100504331e-05,7.4
2.290508474576271,1.3010589013529893e-05,7.4
2.341186440677966,1.2730844251893274e-05,7.4
2.391864406779661,1.2470381997147512e-05,7.4
2.442542372881356,1.2228435965990565e-05,7.4
2.493220338983051,1.2003884105728245e-05,7.4
2.543898305084746,1.1795257790970906e-05,7.4
2.594576271186441,1.1600647208032231e-05,7.4
2.645254237288136,1.1418284663144764e-05,7.4
2.6959322033898308,1.1246782639392403e-05,7.4
2.7466101694915257,1.1084976424146821e-05,7.4
2.7972881355932206,1.0931838854494601e-05,7.4
2.847966101694915,1.0786493379672917e-05,7.4
2.89864406779661,1.0648215107952293e-05,7.4
2.949322033898305,1.0516384391362438e-05,7.4
3.0,1.0390461502187664e-05,7.4
0.01,7.459606600302049e-05,7.6
0.06067796610169492,7.39218274278182e-05,7.6
0.11135593220338984,7.26305396779776e-05,7.6
0.16203389830508477,7.096344873775264e-05,7.6
0.2127118644067797,6.910520255638995e-05,7.6
0.26338983050847464,6.71607373222968e-05,7.6
0.31406779661016954,6.516027473037442e-05,7.6
0.36474576271186443,6.311829546210322e-05,7.6
0.4154237288135594,6.105790659194744e-05,7.6
0.4661016949152543,5.899011316184766e-05,7.6
0.5167796610169493,5.691939691318067e-05,7.6
0.5674576271186441,5.4847453477713895e-05,7.6
0.6181355932203391,5.277316769841207e-05,7.6
0.668813559322034,5.069816921076605e-05,7.6
0.7194915254237289,4.862573394538117e-05,7.6
0.7701694915254238,4.6561298847340195e-05,7.6
0.8208474576271187,4.451212626607598e-05,7.6
0.8715254237288137,4.248521375452457e-05,7.6
0.9222033898305086,4.048733476222512e-05,7.6
0.9728813559322035,3.852749175146863e-05,7.6
1.0235593220338985,3.6615296199698965e-05,7.6
1.0742372881355933,3.475866135007278e-05,7.6
1.1249152542372882,3.296322289354226e-05,7.6
1.1755932203389832,3.123258424008105e-05,7.6
1.2262711864406781,2.9568702191587593e-05,7.6
1.276949152542373,2.797320232098661e-05,7.6
1.327627118644068,2.645850975310621e-05,7.6
1.378305084745763,2.5045180871471634e-05,7.6
1.4289830508474577,2.3745257617744842e-05,7.6
1.4796610169491526,2.2559146122012197e-05,7.6
1.5303389830508476,2.148115143609095e-05,7.6
1.5810169491525425,2.050278555336034e-05,7.6
1.6316949152542375,1.9613720091722318e-05,7.6
1.6823728813559324,1.8803302010085064e-05,7.6
1.7330508474576274,1.806171051610826e-05,7.6
1.7837288135593223,1.738454501854808e-05,7.6
1.8344067796610173,1.6771186531545106e-05,7.6
1.885084745762712,1.6218248222309196e-05,7.6
1.935762711864407,1.5719765511677593e-05,7.6
1.986440677966102,1.5267124539376737e-05,7.6
2.037118644067797,1.4851130976894422e-05,7.6
2.0877966101694914,1.4464169124009396e-05,7.6
2.1384745762711863,1.4100354192584474e-05,7.6
2.1891525423728813,1.3755624240809461e-05,7.6
2.239830508474576,1.3429196000335407e-05,7.6
2.290508474576271,1.3121642575037762e-05,7.6
2.341186440677966,1.2833265079724171e-05,7.6
2.391864406779661,1.256404185359205e-05,7.6
2.442542372881356,1.2313571704267442e-05,7.6
2.493220338983051,1.2080980846688437e-05,7.6
2.543898305084746,1.1865065332120343e-05,7.6
2.594576271186441,1.1664219501744741e-05,7.6
2.645254237288136,1.1476552020671715e-05,7.6
2.6959322033898308,1.1300400017272958e-05,7.6
2.7466101694915257,1.1134481827054221e-05,7.6
2.7972881355932206,1.0977714270215074e-05,7.6
2.847966101694915,1.0829148364332195e-05,7.6
2.89864406779661,1.0687978733086606e-05,7.6
2.949322033898305,1.0553543827825087e-05,7.6
3.0,1.0425267989094526e-05,7.6
0.01,7.452154717192498e-05,7.8
0.06067796610169492,7.385595699831621e-05,7.8
0.11135593220338984,7.259073870579497e-05,7.8
0.16203389830508477,7.096473749188952e-05,7.8
0.2127118644067797,6.915599448886139e-05,7.8
0.26338983050847464,6.726060835710951e-05,7.8
0.31406779661016954,6.531201660355618e-05,7.8
0.36474576271186443,6.332133555353575e-05,7.8
0.4154237288135594,6.130948661854433e-05,7.8
0.4661016949152543,5.929158602963451e-05,7.8
0.5167796610169493,5.7270903063443915e-05,7.8
0.5674576271186441,5.524816310480253e-05,7.8
0.6181355932203391,5.3222025609968146e-05,7.8
0.668813559322034,5.119379065759518e-05,7.8
0.7194915254237289,4.9166523372328335e-05,7.8
0.7701694915254238,4.7144013095985066e-05,7.8
0.8208474576271187,4.513233641961882e-05,7.8
0.8715254237288137,4.3138343889982184e-05,7.8
0.9222033898305086,4.1168338395560653e-05,7.8
0.9728813559322035,3.9229137750259265e-05,7.8
1.0235593220338985,3.732982099752323e-05,7.8
1.0742372881355933,3.547926587576127e-05,7.8
1.1249152542372882,3.3684461368813465e-05,7.8
1.1755932203389832,3.1950272664078955e-05,7.8
1.2262711864406781,3.027971718520723e-05,7.8
1.276949152542373,2.8674351179814243e-05,7.8
1.327627118644068,2.713711544637309e-05,7.8
1.378305084745763,2.568414740751763e-05,7.8
1.4289830508474577,2.4333999939023e-05,7.8
1.4796610169491526,2.309509853627436e-05,7.8
1.5303389830508476,2.19656491762366e-05,7.8
1.5810169491525425,2.093944605639787e-05,7.8
1.6316949152542375,2.0007589227437567e-05,7.8
1.6823728813559324,1.915988134963322e-05,7.8
1.7330508474576274,1.838608630899614e-05,7.8
1.7837288135593223,1.76774742750294e-05,7.8
1.8344067796610173,1.7031710512684678e-05,7.8
1.885084745762712,1.6447681522465256e-05,7.8
1.935762711864407,1.592122583660559e-05,7.8
1.986440677966102,1.54458094623975e-05,7.8
2.037118644067797,1.5012431109537474e-05,7.8
2.0877966101694914,1.4612550225242142e-05,7.8
2.1384745762711863,1.4239257131570424e-05,7.8
2.1891525423728813,1.3887281456716563e-05,7.8
2.239830508474576,1.3553466435269591e-05,7.8
2.290508474576271,1.3237865539102486e-05,7.8
2.341186440677966,1.2941031296952975e-05,7.8
2.391864406779661,1.2663112613226626e-05,7.8
2.442542372881356,1.2403961485499228e-05,7.8
2.493220338983051,1.2163030515780612e-05,7.8
2.543898305084746,1.1939323493729199e-05,7.8
2.594576271186441,1.173156985654538e-05,7.8
2.645254237288136,1.1538044850850849e-05,7.8
2.6959322033898308,1.135689629422144e-05,7.8
2.7466101694915257,1.1186595641395162e-05,7.8
2.7972881355932206,1.1025950367070182e-05,7.8
2.847966101694915,1.0873955523737967e-05,7.8
2.89864406779661,1.0729726225658027e-05,7.8
2.949322033898305,1.0592533868825986e-05,7.8
3.0,1.0461768270851398e-05,7.8
0.01,7.444129943253607e-05,8.0
0.06067796610169492,7.378655431142033e-05,8.0
0.11135593220338984,7.254735954663049e-05,8.0
0.16203389830508477,7.096052148443847e-05,8.0
0.2127118644067797,6.920105010522619e-05,8.0
0.26338983050847464,6.735327296141765e-05,8.0
0.31406779661016954,6.545376635232493e-05,8.0
0.36474576271186443,6.351392231457192e-05,8.0
0.4154237288135594,6.154989815035281e-05,8.0
0.4661016949152543,5.95789142934776e-05,8.0
0.5167796610169493,5.760613685662705e-05,8.0
0.5674576271186441,5.563069207123325e-05,8.0
0.6181355932203391,5.365109800890843e-05,8.0
0.668813559322034,5.166833650073636e-05,8.0
0.7194915254237289,4.968518106629621e-05,8.0
0.7701694915254238,4.7704902013678664e-05,8.0
0.8208474576271187,4.5731744134720965e-05,8.0
0.8715254237288137,4.3771903853944785e-05,8.0
0.9222033898305086,4.183158856560349e-05,8.0
0.9728813559322035,3.99166268909766e-05,8.0
1.0235593220338985,3.803416617508581e-05,8.0
1.0742372881355933,3.61931310527239e-05,8.0
1.1249152542372882,3.4401645681982034e-05,8.0
1.1755932203389832,3.266587796072355e-05,8.0
1.2262711864406781,3.0990000859719325e-05,8.0
1.276949152542373,2.93765085026358e-05,8.0
1.327627118644068,2.7826750747517637e-05,8.0
1.378305084745763,2.6346160907978912e-05,8.0
1.4289830508474577,2.4953035579405775e-05,8.0
1.4796610169491526,2.3663220276206963e-05,8.0
1.5303389830508476,2.2481838677016812e-05,8.0
1.5810169491525425,2.1405596264848263e-05,8.0
1.6316949152542375,2.0427800547787474e-05,8.0
1.6823728813559324,1.9539294558459062e-05,8.0
1.7330508474576274,1.873009886312814e-05,8.0
1.7837288135593223,1.7990381003259726e-05,8.0
1.8344067796610173,1.731307624611165e-05,8.0
1.885084745762712,1.669713286486031e-05,8.0
1.935762711864407,1.6140687600954413e-05,8.0
1.986440677966102,1.5638965232065176e-05,8.0
2.037118644067797,1.51847419187846e-05,8.0
2.0877966101694914,1.47690279757014e-05,8.0
2.1384745762711863,1.4383992978913837e-05,8.0
2.1891525423728813,1.4023372090103738e-05,8.0
2.239830508474576,1.3682451285747062e-05,8.0
2.290508474576271,1.3359174185634512e-05,8.0
2.341186440677966,1.3054084806582674e-05,8.0
2.391864406779661,1.2767596333717187e-05,8.0
2.442542372881356,1.2499743270662498e-05,8.0
2.493220338983051,1.2250249317502188e-05,8.0
2.543898305084746,1.2018408533004425e-05,8.0
2.594576271186441,1.1803153237160452e-05,8.0
2.645254237288136,1.1603100592025926e-05,8.0
2.6959322033898308,1.1416454143511775e-05,8.0
2.7466101694915257,1.1241451073376763e-05,8.0
2.7972881355932206,1.1076668906829517e-05,8.0
2.847966101694915,1.0921009742212082e-05,8.0
2.89864406779661,1.0773533252414368e-05,8.0
2.949322033898305,1.0633426989505522e-05,8.0
3.0,1.0500026239913751e-05,8.0
0.01,7.435486214320978e-05,8.2
0.06067796610169492,7.371318998892374e-05,8.2
0.11135593220338984,7.250015625502932e-05,8.2
0.16203389830508477,7.095134037232839e-05,8.2
0.2127118644067797,6.92393739743632e-05,8.2
0.26338983050847464,6.743914452543278e-05,8.2
0.31406779661016954,6.558618823204694e-05,8.2
0.36474576271186443,6.369520818597189e-05,8.2
0.4154237288135594,6.177945564130545e-05,8.2
0.4661016949152543,5.9853329394774346e-05,8.2
0.5167796610169493,5.792595283683002e-05,8.2
0.5674576271186441,5.5996003311569854e-05,8.2
0.6181355932203391,5.406127822878843e-05,8.2
0.668813559322034,5.212267574043208e-05,8.2
0.7194915254237289,5.0182504615219966e-05,8.2
0.7701694915254238,4.82438388991851e-05,8.2
0.8208474576271187,4.630992879474983e-05,8.2
0.8715254237288137,4.4385385414757796e-05,8.2
0.9222033898305086,4.247608520406309e-05,8.2
0.9728813559322035,4.058773511936504e-05,8.2
1.0235593220338985,3.8725938556814515e-05,8.2
1.0742372881355933,3.689826581708903e-05,8.2
1.1249152542372882,3.5113306883210915e-05,8.2
1.1755932203389832,3.337839824112327e-05,8.2
1.2262711864406781,3.1698992414079125e-05,8.2
1.276949152542373,3.007866429788192e-05,8.2
1.327627118644068,2.8519472700305906e-05,8.2
1.378305084745763,2.702272775881789e-05,8.2
1.4289830508474577,2.5597446064997492e-05,8.2
1.4796610169491526,2.4262177311653332e-05,8.2
1.5303389830508476,2.3029794178193734e-05,8.2
1.5810169491525425,2.190262437462892e-05,8.2
1.6316949152542375,2.0876342277487882e-05,8.2
1.6823728813559324,1.9943821170124417e-05,8.2
1.7330508474576274,1.9095765504990952e-05,8.2
1.7837288135593223,1.8322464261086e-05,8.2
1.8344067796610173,1.7614597526178504e-05,8.2
1.885084745762712,1.6967138137151622e-05,8.2
1.935762711864407,1.6379479752312587e-05,8.2
1.986440677966102,1.5848967967120708e-05,8.2
2.037118644067797,1.5370278597664842e-05,8.2
2.0877966101694914,1.4935505017179268e-05,8.2
2.1384745762711863,1.4536051048339403e-05,8.2
2.1891525423728813,1.416472840267777e-05,8.2
2.239830508474576,1.3815867890804306e-05,8.2
2.290508474576271,1.348540341072883e-05,8.2
2.341186440677966,1.3172362564678282e-05,8.2
2.391864406779661,1.2877458993630854e-05,8.2
2.442542372881356,1.2600977637671001e-05,8.2
2.493220338983051,1.2342815541837048e-05,8.2
2.543898305084746,1.2102566869595591e-05,8.2
2.594576271186441,1.1879397643326165e-05,8.2
2.645254237288136,1.1672165577545094e-05,8.2
2.6959322033898308,1.1479372763522936e-05,8.2
2.7466101694915257,1.1299201166030175e-05,8.2
2.7972881355932206,1.1129991172538277e-05,8.2
2.847966101694915,1.0970423071877624e-05,8.2
2.89864406779661,1.081948294113694e-05,8.2
2.949322033898305,1.0676294570002189e-05,8.2
3.0,1.0540113488917032e-05,8.2
0.01,7.426187028319655e-05,8.4
0.06067796610169492,7.363546935566381e-05,8.4
0.11135593220338984,7.244880091763783e-05,8.4
0.16203389830508477,7.09373563366215e-05,8.4
0.2127118644067797,6.927045223154151e-05,8.4
0.26338983050847464,6.751813276802873e-05,8.4
0.31406779661016954,6.571002191788609e-05,8.4
0.36474576271186443,6.386538351285351e-05,8.4
0.4154237288135594,6.199733249136477e-05,8.4
0.4661016949152543,6.011594004800017e-05,8.4
0.5167796610169493,5.8231343089890074e-05,8.4
0.5674576271186441,5.634496557296155e-05,8.4
0.6181355932203391,5.4453512997311496e-05,8.4
0.668813559322034,5.25576305585315e-05,8.4
0.7194915254237289,5.065935000742003e-05,8.4
0.7701694915254238,4.876132689723839e-05,8.4
0.8208474576271187,4.6866587844412404e-05,8.4
0.8715254237288137,4.497831494943243e-05,8.4
0.9222033898305086,4.310127596518521e-05,8.4
0.9728813559322035,4.12410058631117e-05,8.4
1.0235593220338985,3.9402801582337155e-05,8.4
1.0742372881355933,3.759237454764062e-05,8.4
1.1249152542372882,3.581757196855243e-05,8.4
1.1755932203389832,3.408650431208428e-05,8.4
1.2262711864406781,3.240580035697903e-05,8.4
1.276949152542373,3.0780230387782094e-05,8.4
1.327627118644068,2.921282544649607e-05,8.4
1.378305084745763,2.770534781966181e-05,8.4
1.4289830508474577,2.6259611315941343e-05,8.4
1.4796610169491526,2.4888264158280153e-05,8.4
1.5303389830508476,2.3608768470315487e-05,8.4
1.5810169491525425,2.2430966845064642e-05,8.4
1.6316949152542375,2.1354856385581406e-05,8.4
1.6823728813559324,2.037553641222207e-05,8.4
1.7330508474576274,1.9485364047398794e-05,8.4
1.7837288135593223,1.8675081032841976e-05,8.4
1.8344067796610173,1.7935259998528607e-05,8.4
1.885084745762712,1.725739176371288e-05,8.4
1.935762711864407,1.6638415364636392e-05,8.4
1.986440677966102,1.607755238481594e-05,8.4
2.037118644067797,1.5571402558866345e-05,8.4
2.0877966101694914,1.511406380949669e-05,8.4
2.1384745762711863,1.4697188076878558e-05,8.4
2.1891525423728813,1.4312721242614665e-05,8.4
2.239830508474576,1.3954099109536595e-05,8.4
2.290508474576271,1.361619812642531e-05,8.4
2.341186440677966,1.3295750924963726e-05,8.4
2.391864406779661,1.2992663787261726e-05,8.4
2.442542372881356,1.2707648070672726e-05,8.4
2.493220338983051,1.2440834134962726e-05,8.4
2.543898305084746,1.2192006134636942e-05,8.4
2.594576271186441,1.1960604709552142e-05,8.4
2.645254237288136,1.1745700866066413e-05,8.4
2.6959322033898308,1.154608331267018e-05,8.4
2.7466101694915257,1.1360128126893972e-05,8.4
2.7972881355932206,1.1186058121570563e-05,8.4
2.847966101694915,1.1022311832181374e-05,8.4
2.89864406779661,1.0867675381571628e-05,8.4
2.949322033898305,1.0721207231401096e-05,8.4
3.0,1.0582095886944626e-05,8.4
0.01,7.41619072354011e-05,8.6
0.06067796610169492,7.355293793731503e-05,8.6
0.11135593220338984,7.239300657664074e-05,8.6
0.16203389830508477,7.091839360119828e-05,8.6
0.2127118644067797,6.929456784921646e-05,8.6
0.26338983050847464,6.75893638358542e-05,8.6
0.31406779661016954,6.582579551846051e-05,8.6
0.36474576271186443,6.402523242121045e-05,8.6
0.4154237288135594,6.220289419570702e-05,8.6
0.4661016949152543,6.0366696561349004e-05,8.6
0.5167796610169493,5.8523602283744716e-05,8.6
0.5674576271186441,5.667841056258763e-05,8.6
0.6181355932203391,5.482868960767447e-05,8.6
0.668813559322034,5.297408777404982e-05,8.6
0.7194915254237289,5.111649867170735e-05,8.6
0.7701694915254238,4.9258181650734156e-05,8.6
0.8208474576271187,4.7401862044357943e-05,8.6
0.8715254237288137,4.555029122649698e-05,8.6
0.9222033898305086,4.3706639264384115e-05,8.6
0.9728813559322035,4.1875780904413936e-05,8.6
1.0235593220338985,4.006291683413234e-05,8.6
1.0742372881355933,3.827306368456998e-05,8.6
1.1249152542372882,3.651228632711535e-05,8.6
1.1755932203389832,3.4788487152575454e-05,8.6
1.2262711864406781,3.310921802043897e-05,8.6
1.276949152542373,3.1480448316232536e-05,8.6
1.327627118644068,2.9906328087648047e-05,8.6
1.378305084745763,2.8389429906514104e-05,8.6
1.4289830508474577,2.6931171616138374e-05,8.6
1.4796610169491526,2.553493907265234e-05,8.6
1.5303389830508476,2.421611012145392e-05,8.6
1.5810169491525425,2.2990206422945582e-05,8.6
1.6316949152542375,2.1864151429552887e-05,8.6
1.6823728813559324,2.0836226966617015e-05,8.6
1.7330508474576274,1.9901012282592222e-05,8.6
1.7837288135593223,1.905048104926406e-05,8.6
1.8344067796610173,1.8275490509909617e-05,8.6
1.885084745762712,1.7566942223118932e-05,8.6
1.935762711864407,1.6917541273749513e-05,8.6
1.986440677966102,1.6325746678980534e-05,8.6
2.037118644067797,1.579024343652444e-05,8.6
2.0877966101694914,1.5306964949359897e-05,8.6
2.1384745762711863,1.4869358488873721e-05,8.6
2.1891525423728813,1.4468956561643594e-05,8.6
2.239830508474576,1.4098351120769617e-05,8.6
2.290508474576271,1.3751531560441129e-05,8.6
2.341186440677966,1.3423894109233757e-05,8.6
2.391864406779661,1.3113138640601232e-05,8.6
2.442542372881356,1.2819755700412605e-05,8.6
2.493220338983051,1.2544337854287338e-05,8.6
2.543898305084746,1.2286866490481804e-05,8.6
2.594576271186441,1.2047002388262268e-05,8.6
2.645254237288136,1.1824070420539221e-05,8.6
2.6959322033898308,1.1617048951047355e-05,8.6
2.7466101694915257,1.1424633692355034e-05,8.6
2.7972881355932206,1.124512328724398e-05,8.6
2.847966101694915,1.1076805925424526e-05,8.6
2.89864406779661,1.0918223050974283e-05,8.6
2.949322033898305,1.0768260680998285e-05,8.6
3.0,1.0626039182559227e-05,8.6
0.01,7.405455677613889e-05,8.8
0.06067796610169492,7.346503269619712e-05,8.8
0.11135593220338984,7.23324445704031e-05,8.8
0.16203389830508477,7.089429365932714e-05,8.8
0.2127118644067797,6.931216513463183e-05,8.8
0.26338983050847464,6.765201041132435e-05,8.8
0.31406779661016954,6.593355728206107e-05,8.8
0.36474576271186443,6.417553111427927e-05,8.8
0.4154237288135594,6.23966153942285e-05,8.8
0.4661016949152543,6.06047507639145e-05,8.8
0.5167796610169493,5.8803565045730284e-05,8.8
0.5674576271186441,5.699747995092886e-05,8.8
0.6181355932203391,5.518759639809036e-05,8.8
0.668813559322034,5.3372935629165984e-05,8.8
0.7194915254237289,5.155475542293296e-05,8.8
0.7701694915254238,4.9735162648976194e-05,8.8
0.8208474576271187,4.791646433062592e-05,8.8
0.8715254237288137,4.610116998324667e-05,8.8
0.9222033898305086,4.4291707782989945e-05,8.8
0.9728813559322035,4.249149625408348e-05,8.8
1.0235593220338985,4.0705374258510275e-05,8.8
1.0742372881355933,3.893827631210691e-05,8.8
1.1249152542372882,3.719508978565899e-05,8.8
1.1755932203389832,3.548230333330755e-05,8.8
1.2262711864406781,3.380769177615742e-05,8.8
1.276949152542373,3.217822258937664e-05,8.8
1.327627118644068,3.059922340153011e-05,8.8
1.378305084745763,2.9074263670816554e-05,8.8
1.4289830508474577,2.760559673126652e-05,8.8
1.4796610169491526,2.6194233686558863e-05,8.8
1.5303389830508476,2.4846426022679667e-05,8.8
1.5810169491525425,2.3578595629326284e-05,8.8
1.6316949152542375,2.240408118045209e-05,8.8
1.6823728813559324,2.132704919552451e-05,8.8
1.7330508474576274,2.0344599938691432e-05,8.8
1.7837288135593223,1.9450809107954103e-05,8.8
1.8344067796610173,1.8637393754694545e-05,8.8
1.885084745762712,1.7895417849020305e-05,8.8
1.935762711864407,1.7216155780399305e-05,8.8
1.986440677966102,1.659395385934801e-05,8.8
2.037118644067797,1.6028087560107158e-05,8.8
2.0877966101694914,1.551654295131017e-05,8.8
2.1384745762711863,1.5054692774607978e-05,8.8
2.1891525423728813,1.4635275338658397e-05,8.8
2.239830508474576,1.4250097358812306e-05,8.8
2.290508474576271,1.3892336263999806e-05,8.8
2.341186440677966,1.355651112177668e-05,8.8
2.391864406779661,1.3238580444910033e-05,8.8
2.442542372881356,1.293726428232584e-05,8.8
2.493220338983051,1.2653338420535407e-05,8.8
2.543898305084746,1.2387231065124511e-05,8.8
2.594576271186441,1.2138776224487442e-05,8.8
2.645254237288136,1.1907527510514817e-05,8.8
2.6959322033898308,1.1692689418675452e-05,8.8
2.7466101694915257,1.1493173683362715e-05,8.8
2.7972881355932206,1.1307565638270889e-05,8.8
2.847966101694915,1.1134132049421379e-05,8.8
2.89864406779661,1.0971248217387193e-05,8.8
2.949322033898305,1.081755400599607e-05,8.8
3.0,1.0672018717206086e-05,8.8
0.01,7.39394607557072e-05,9.0
0.06067796610169492,7.337120432160583e-05,9.0
0.11135593220338984,7.226676662148316e-05,9.0
0.16203389830508477,7.086485140413433e-05,9.0
0.2127118644067797,6.932343712905898e-05,9.0
0.26338983050847464,6.770610606053131e-05,9.0
0.31406779661016954,6.603241603913426e-05,9.0
0.36474576271186443,6.431682048156633e-05,9.0
0.4154237288135594,6.257935170543164e-05,9.0
0.4661016949152543,6.08298279615079e-05,9.0
0.5167796610169493,5.9070812505663406e-05,9.0
0.5674576271186441,5.730338192609022e-05,9.0
0.6181355932203391,5.553116103398832e-05,9.0
0.668813559322034,5.375495685833321e-05,9.0
0.7194915254237289,5.197498056042838e-05,9.0
0.7701694915254238,5.0193004553829e-05,9.0
0.8208474576271187,4.841110473227095e-05,9.0
0.8715254237288137,4.6631407594524506e-05,9.0
0.9222033898305086,4.485616244703544e-05,9.0
0.9728813559322035,4.3087632113683454e-05,9.0
1.0235593220338985,4.13295728863572e-05,9.0
1.0742372881355933,3.958671941922593e-05,9.0
1.1249152542372882,3.786377721669462e-05,9.0
1.1755932203389832,3.616568218405006e-05,9.0
1.2262711864406781,3.4499308491477083e-05,9.0
1.276949152542373,3.287214016912777e-05,9.0
1.327627118644068,3.12905494856588e-05,9.0
1.378305084745763,2.9759257536342686e-05,9.0
1.4289830508474577,2.8281352821187135e-05,9.0
1.4796610169491526,2.6858590145671666e-05,9.0
1.5303389830508476,2.5492318252290257e-05,9.0
1.5810169491525425,2.4191889413166623e-05,9.0
1.6316949152542375,2.297355582069148e-05,9.0
1.6823728813559324,2.1848160757044014e-05,9.0
1.7330508474576274,2.0817545319877525e-05,9.0
1.7837288135593223,1.987800596428168e-05,9.0
1.8344067796610173,1.9023122249693533e-05,9.0
1.885084745762712,1.8244497904646732e-05,9.0
1.935762711864407,1.7533442180479267e-05,9.0
1.986440677966102,1.6881754789337134e-05,9.0
2.037118644067797,1.628561915005751e-05,9.0
2.0877966101694914,1.5744455162764477e-05,9.0
2.1384745762711863,1.5255530123997511e-05,9.0
2.1891525423728813,1.4813667789816542e-05,9.0
2.239830508474576,1.4411043705150476e-05,9.0
2.290508474576271,1.4039952772320823e-05,9.0
2.341186440677966,1.3694123979746789e-05,9.0
2.391864406779661,1.33685843076711e-05,9.0
2.442542372881356,1.3059942457370166e-05,9.0
2.493220338983051,1.2767845055475723e-05,9.0
2.543898305084746,1.2493135442131943e-05,9.0
2.594576271186441,1.2236043387295267e-05,9.0
2.645254237288136,1.1996290721098789e-05,9.0
2.6959322033898308,1.1773309160527122e-05,9.0
2.7466101694915257,1.1566204670472855e-05,9.0
2.7972881355932206,1.1373827787088178e-05,9.0
2.847966101694915,1.1194643818425323e-05,9.0
2.89864406779661,1.1026944375097482e-05,9.0
2.949322033898305,1.0869193694702198e-05,9.0
3.0,1.072013214489714e-05,9.0
0.01,7.381633206044635e-05,9.2
0.06067796610169492,7.327094085825417e-05,9.2
0.11135593220338984,7.219562424870382e-05,9.2
0.16203389830508477,7.082983094002461e-05,9.2
0.2127118644067797,6.932831444731619e-05,9.2
0.26338983050847464,6.775223840099237e-05,9.2
0.31406779661016954,6.612157511359393e-05,9.2
0.36474576271186443,6.444898323288835e-05,9.2
0.4154237288135594,6.275186319871134e-05,9.2
0.4661016949152543,6.10426487544279e-05,9.2
0.5167796610169493,5.932461631118619e-05,9.2
0.5674576271186441,5.75965137116421e-05,9.2
0.6181355932203391,5.586059540087311e-05,9.2
0.668813559322034,5.412096136081614e-05,9.2
0.7194915254237289,5.2377956512635106e-05,9.2
0.7701694915254238,5.0632508790343514e-05,9.2
0.8208474576271187,4.888648505879246e-05,9.2
0.8715254237288137,4.714170934095433e-05,9.2
0.9222033898305086,4.540014633028877e-05,9.2
0.9728813559322035,4.366376320640282e-05,9.2
1.0235593220338985,4.1934945886094373e-05,9.2
1.0742372881355933,4.0217726581381125e-05,9.2
1.1249152542372882,3.8516688772489566e-05,9.2
1.1755932203389832,3.683634120495727e-05,9.2
1.2262711864406781,3.518190157252361e-05,9.2
1.276949152542373,3.356042736034186e-05,9.2
1.327627118644068,3.197902107119547e-05,9.2
1.378305084745763,3.0443462674355923e-05,9.2
1.4289830508474577,2.8957889281992968e-05,9.2
1.4796610169491526,2.7524920668840755e-05,9.2
1.5303389830508476,2.614609313147196e-05,9.2
1.5810169491525425,2.48234284539556e-05,9.2
1.6316949152542375,2.3569375153521262e-05,9.2
1.6823728813559324,2.239890913726523e-05,9.2
1.7330508474576274,2.132037127224586e-05,9.2
1.7837288135593223,2.033370741052533e-05,9.2
1.8344067796610173,1.943465487335498e-05,9.2
1.885084745762712,1.861633062713875e-05,9.2
1.935762711864407,1.7870350698806438e-05,9.2
1.986440677966102,1.718828184650312e-05,9.2
2.037118644067797,1.6562757783954718e-05,9.2
2.0877966101694914,1.599162558547873e-05,9.2
2.1384745762711863,1.547394457479951e-05,9.2
2.1891525423728813,1.5006365523370144e-05,9.2
2.239830508474576,1.4583065255938684e-05,9.2
2.290508474576271,1.4195972297119188e-05,9.2
2.341186440677966,1.3837947958973088e-05,9.2
2.391864406779661,1.350324597494886e-05,9.2
2.442542372881356,1.3187346411989523e-05,9.2
2.493220338983051,1.2887698587456795e-05,9.2
2.543898305084746,1.2604613250740294e-05,9.2
2.594576271186441,1.2338870043939349e-05,9.2
2.645254237288136,1.2090512933806033e-05,9.2
2.6959322033898308,1.1859136586255914e-05,9.2
2.7466101694915257,1.1644083455262446e-05,9.2
2.7972881355932206,1.144437097412273e-05,9.2
2.847966101694915,1.1258766635580804e-05,9.2
2.89864406779661,1.1085651758390924e-05,9.2
2.949322033898305,1.0923368400170164e-05,9.2
3.0,1.0770476457568732e-05,9.2
0.01,7.36849726280298e-05,9.4
0.06067796610169492,7.31637394682929e-05,9.4
0.11135593220338984,7.211864147152819e-05,9.4
0.16203389830508477,7.078894328009333e-05,9.4
0.2127118644067797,6.932666468579396e-05,9.4
0.26338983050847464,6.779079091149848e-05,9.4
0.31406779661016954,6.620108861509414e-05,9.4
0.36474576271186443,6.457114019481901e-05,9.4
0.4154237288135594,6.291453510047681e-05,9.4
0.4661016949152543,6.124407237616226e-05,9.4
0.5167796610169493,5.956512827486643e-05,9.4
0.5674576271186441,5.7876231906832225e-05,9.4
0.6181355932203391,5.6176856445587896e-05,9.4
0.668813559322034,5.4471995530752406e-05,9.4
0.7194915254237289,5.276444799030559e-05,9.4
0.7701694915254238,5.1054449063995e-05,9.4
0.8208474576271187,4.934333282090097e-05,9.4
0.8715254237288137,4.763274450363647e-05,9.4
0.9222033898305086,4.592427906723602e-05,9.4
0.9728813559322035,4.4219758485983566e-05,9.4
1.0235593220338985,4.252099588369808e-05,9.4
1.0742372881355933,4.08306900581136e-05,9.4
1.1249152542372882,3.91530049041025e-05,9.4
1.1755932203389832,3.749237375150986e-05,9.4
1.2262711864406781,3.585317265926088e-05,9.4
1.276949152542373,3.424103359745648e-05,9.4
1.327627118644068,3.2663009863033244e-05,9.4
1.378305084745763,3.1125733132968055e-05,9.4
1.4289830508474577,2.9634414109026656e-05,9.4
1.4796610169491526,2.8192659913882712e-05,9.4
1.5303389830508476,2.680273107963105e-05,9.4
1.5810169491525425,2.546579667963454e-05,9.4
1.6316949152542375,2.4185802424594967e-05,9.4
1.6823728813559324,2.2977019956916244e-05,9.4
1.7330508474576274,2.185271051526895e-05,9.4
1.7837288135593223,2.081878872269071e-05,9.4
1.8344067796610173,1.9873780360331795e-05,9.4
1.885084745762712,1.9012919303268703e-05,9.4
1.935762711864407,1.8228961660218765e-05,9.4
1.986440677966102,1.7513635085004168e-05,9.4
2.037118644067797,1.685878674823172e-05,9.4
2.0877966101694914,1.6258282214735755e-05,9.4
2.1384745762711863,1.5711090307258202e-05,9.4
2.1891525423728813,1.5215724914315552e-05,9.4
2.239830508474576,1.476825498338134e-05,9.4
2.290508474576271,1.4362150817879426e-05,9.4
2.341186440677966,1.3989440204056947e-05,9.4
2.391864406779661,1.3643572427685383e-05,9.4
2.442542372881356,1.3319264259872606e-05,9.4
2.493220338983051,1.301247038836818e-05,9.4
2.543898305084746,1.2721587632430372e-05,9.4
2.594576271186441,1.244732044331702e-05,9.4
2.645254237288136,1.219029284166082e-05,9.4
2.6959322033898308,1.1950373759174734e-05,9.4
2.7466101694915257,1.1727070042933743e-05,9.4
2.7972881355932206,1.1519612606508713e-05,9.4
2.847966101694915,1.1326954646532872e-05,9.4
2.89864406779661,1.114776741830318e-05,9.4
2.949322033898305,1.098038223828632e-05,9.4
3.0,1.0823219096581628e-05,9.4
0.01,7.354526415864129e-05,9.6
0.06067796610169492,7.30491179477147e-05,9.6
0.11135593220338984,7.203532582121214e-05,9.6
0.16203389830508477,7.074188773908048e-05,9.6
0.2127118644067797,6.931832095110403e-05,9.6
0.26338983050847464,6.782178064083785e-05,9.6
0.31406779661016954,6.627159913955084e-05,9.6
0.36474576271186443,6.468267333450797e-05,9.6
0.4154237288135594,6.306705436594588e-05,9.6
0.4661016949152543,6.143472432651115e-05,9.6
0.5167796610169493,5.9793185347731854e-05,9.6
0.5674576271186441,5.81420787974951e-05,9.6
0.6181355932203391,5.6479838141560454e-05,9.6
0.668813559322034,5.480919901108781e-05,9.6
0.7194915254237289,5.313533001181037e-05,9.6
0.7701694915254238,5.1459562682416316e-05,9.6
0.8208474576271187,4.978239463432734e-05,9.6
0.8715254237288137,4.810514461870567e-05,9.6
0.9222033898305086,4.6429189713139646e-05,9.6
0.9728813559322035,4.4756054820781415e-05,9.6
1.0235593220338985,4.3087408461062394e-05,9.6
1.0742372881355933,4.142505795228202e-05,9.6
1.1249152542372882,3.977207882228044e-05,9.6
1.1755932203389832,3.81326529087334e-05,9.6
1.2262711864406781,3.651106459502895e-05,9.6
1.276949152542373,3.491169753037558e-05,9.6
1.327627118644068,3.334057100270306e-05,9.6
1.378305084745763,3.180458216867447e-05,9.6
1.4289830508474577,3.0309852363093674e-05,9.6
1.4796610169491526,2.8861045421055213e-05,9.6
1.5303389830508476,2.7461305678323803e-05,9.6
1.5810169491525425,2.6112521322193988e-05,9.6
1.6316949152542375,2.481582113985469e-05,9.6
1.6823728813559324,2.3577731831214523e-05,9.6
1.7330508474576274,2.241303430856524e-05,9.6
1.7837288135593223,2.1333140766948374e-05,9.6
1.8344067796610173,2.0341660602404875e-05,9.6
1.885084745762712,1.943612937418602e-05,9.6
1.935762711864407,1.8611316837971002e-05,9.6
1.986440677966102,1.785967866501146e-05,9.6
2.037118644067797,1.717316461217317e-05,9.6
2.0877966101694914,1.6543952542497157e-05,9.6
2.1384745762711863,1.5967498566600136e-05,9.6
2.1891525423728813,1.5443222019132064e-05,9.6
2.239830508474576,1.4969022825007155e-05,9.6
2.290508474576271,1.4540428963503583e-05,9.6
2.341186440677966,1.415025150632949e-05,9.6
2.391864406779661,1.379089930886223e-05,9.6
2.442542372881356,1.3456360123265897e-05,9.6
2.493220338983051,1.3141780212868843e-05,9.6
2.543898305084746,1.2843680156697718e-05,9.6
2.594576271186441,1.256137468983051e-05,9.6
2.645254237288136,1.2295716191698052e-05,9.6
2.6959322033898308,1.2047145367806575e-05,9.6
2.7466101694915257,1.1815385384197448e-05,9.6
2.7972881355932206,1.1599842957745354e-05,9.6
2.847966101694915,1.1399661574736522e-05,9.6
2.89864406779661,1.1213731021839209e-05,9.6
2.949322033898305,1.1040614193958989e-05,9.6
3.0,1.0878643674949937e-05,9.6
0.01,7.339716739133613e-05,9.8
0.06067796610169492,7.292665431273396e-05,9.8
0.11135593220338984,7.194506421138517e-05,9.8
0.16203389830508477,7.06883768618185e-05,9.8
0.2127118644067797,6.930310933956897e-05,9.8
0.26338983050847464,6.784512923200533e-05,9.8
0.31406779661016954,6.633351721292611e-05,9.8
0.36474576271186443,6.478380762041127e-05,9.8
0.4154237288135594,6.320863639416396e-05,9.8
0.4661016949152543,6.161481446091708e-05,9.8
0.5167796610169493,6.000953853067167e-05,9.8
0.5674576271186441,5.8394580577695556e-05,9.8
0.6181355932203391,5.67688794026975e-05,9.8
0.668813559322034,5.513310549323143e-05,9.8
0.7194915254237289,5.349170818980114e-05,9.8
0.7701694915254238,5.184863348269997e-05,9.8
0.8208474576271187,5.020438610254024e-05,9.8
0.8715254237288137,4.8559620302944976e-05,9.8
0.9222033898305086,4.691548566683618e-05,9.8
0.9728813559322035,4.527325114156667e-05,9.8
1.0235593220338985,4.363435398022336e-05,9.8
1.0742372881355933,4.2000399003494854e-05,9.8
1.1249152542372882,4.03733119654542e-05,9.8
1.1755932203389832,3.87565071461048e-05,9.8
1.2262711864406781,3.7154117577940104e-05,9.8
1.276949152542373,3.5570269304241694e-05,9.8
1.327627118644068,3.4009535336533714e-05,9.8
1.378305084745763,3.247819540457975e-05,9.8
1.4289830508474577,3.098284332148617e-05,9.8
1.4796610169491526,2.9529126762767436e-05,9.8
1.5303389830508476,2.8121153894438263e-05,9.8
1.5810169491525425,2.676171832457656e-05,9.8
1.6316949152542375,2.5452387029173632e-05,9.8
1.6823728813559324,2.4194547381193692e-05,9.8
1.7330508474576274,2.29975914711501e-05,9.8
1.7837288135593223,2.187578878296908e-05,9.8
1.8344067796610173,2.0838504930159342e-05,9.8
1.885084745762712,1.988738213238791e-05,9.8
1.935762711864407,1.9019286050239365e-05,9.8
1.986440677966102,1.8228463456419132e-05,9.8
2.037118644067797,1.7507269365172163e-05,9.8
2.0877966101694914,1.6847859993021254e-05,9.8
2.1384745762711863,1.624295737831056e-05,9.8
2.1891525423728813,1.5689635396664376e-05,9.8
2.239830508474576,1.5187269469080457e-05,9.8
2.290508474576271,1.473313086817309e-05,9.8
2.341186440677966,1.4322189609093948e-05,9.8
2.391864406779661,1.3946769082647316e-05,9.8
2.442542372881356,1.3599850037731755e-05,9.8
2.493220338983051,1.3275885131900032e-05,9.8
2.543898305084746,1.297043489161407e-05,9.8
2.594576271186441,1.2680733950933613e-05,9.8
2.645254237288136,1.240682296659455e-05,9.8
2.6959322033898308,1.2149565439214214e-05,9.8
2.7466101694915257,1.1909200093519447e-05,9.8
2.7972881355932206,1.1685312874800979e-05,9.8
2.847966101694915,1.1477233405546396e-05,9.8
2.89864406779661,1.128401747793699e-05,9.8
2.949322033898305,1.1104490194557132e-05,9.8
3.0,1.0937106782467245e-05,9.8
0.01,7.324069220619751e-05,10.0
0.06067796610169492,7.279587348531514e-05,10.0
0.11135593220338984,7.184728743190111e-05,10.0
0.16203389830508477,7.062811868972298e-05,10.0
0.2127118644067797,6.928082014992952e-05,10.0
0.26338983050847464,6.786074764863601e-05,10.0
0.31406779661016954,6.638692490537288e-05,10.0
0.36474576271186443,6.487517994475397e-05,10.0
0.4154237288135594,6.333887248075081e-05,10.0
0.4661016949152543,6.178390249290495e-05,10.0
0.5167796610169493,6.021466912361793e-05,10.0
0.5674576271186441,5.863453515276523e-05,10.0
0.6181355932203391,5.704393150891185e-05,10.0
0.668813559322034,5.544323341002105e-05,10.0
0.7194915254237289,5.3834496337953756e-05,10.0
0.7701694915254238,5.222261780077988e-05,10.0
0.8208474576271187,5.061004341882985e-05,10.0
0.8715254237288137,4.899686384915373e-05,10.0
0.9222033898305086,4.7383813846575144e-05,10.0
0.9728813559322035,4.577191560002449e-05,10.0
1.0235593220338985,4.416237398414408e-05,10.0
1.0742372881355933,4.255661862137623e-05,10.0
1.1249152542372882,4.095619272328052e-05,10.0
1.1755932203389832,3.93632922512795e-05,10.0
1.2262711864406781,3.778155216082512e-05,10.0
1.276949152542373,3.621501814437157e-05,10.0
1.327627118644068,3.466769751144667e-05,10.0
1.378305084745763,3.314448458608186e-05,10.0
1.4289830508474577,3.165169859984653e-05,10.0
1.4796610169491526,3.019565713479387e-05,10.0
1.5303389830508476,2.878144432117331e-05,10.0
1.5810169491525425,2.741278787391412e-05,10.0
1.6316949152542375,2.6092026778004107e-05,10.0
1.6823728813559324,2.4820495909502783e-05,10.0
1.7330508474576274,2.360049125610062e-05,10.0
1.7837288135593223,2.244390100596343e-05,10.0
1.8344067796610173,2.1363704335413058e-05,10.0
1.885084745762712,2.0367226235715772e-05,10.0
1.935762711864407,1.945450443511059e-05,10.0
1.986440677966102,1.862187640492019e-05,10.0
2.037118644067797,1.786312650401598e-05,10.0
2.0877966101694914,1.7170622263317408e-05,10.0
2.1384745762711863,1.653673962764646e-05,10.0
2.1891525423728813,1.595504505891814e-05,10.0
2.239830508474576,1.542399455646721e-05,10.0
2.290508474576271,1.494253338056259e-05,10.0
2.341186440677966,1.450740783172415e-05,10.0
2.391864406779661,1.411287987102567e-05,10.0
2.442542372881356,1.3751169171792891e-05,10.0
2.493220338983051,1.3415833492671138e-05,10.0
2.543898305084746,1.310175633150174e-05,10.0
2.594576271186441,1.280492444770186e-05,10.0
2.645254237288136,1.252339502894672e-05,10.0
2.6959322033898308,1.225771039199712e-05,10.0
2.7466101694915257,1.200864292463514e-05,10.0
2.7972881355932206,1.17762240128462e-05,10.0
2.847966101694915,1.155993727725547e-05,10.0
2.89864406779661,1.1359022623880851e-05,10.0
2.949322033898305,1.117246963407563e-05,10.0
3.0,1.099901506585616e-05,10.0
