I_bias_A,L_ac_H,I_ac_wdg_A
0.01,3.522789929125646e-05,0.05
0.06067796610169492,3.48231028917628e-05,0.05
0.11135593220338984,3.322698338491332e-05,0.05
0.16203389830508477,3.113644424610696e-05,0.05
0.2127118644067797,2.826960726869488e-05,0.05
0.26338983050847464,2.580422238600664e-05,0.05
0.31406779661016954,2.376973077770688e-05,0.05
0.36474576271186443,2.1930134776125758e-05,0.05
0.4154237288135594,1.999347291863088e-05,0.05
0.4661016949152543,1.8333498880937526e-05,0.05
0.5167796610169493,1.7162197748511016e-05,0.05
0.5674576271186441,1.6378519631211362e-05,0.05
0.6181355932203391,1.5800918709709624e-05,0.05
0.668813559322034,1.5196040624342786e-05,0.05
0.7194915254237289,1.4494352513928652e-05,0.05
0.7701694915254238,1.3716491027799942e-05,0.05
0.8208474576271187,1.294448259199477e-05,0.05
0.8715254237288137,1.2240745837288212e-05,0.05
0.9222033898305086,1.1642272178583885e-05,0.05
0.9728813559322035,1.1138638270880162e-05,0.05
1.0235593220338985,1.0713116963960672e-05,0.05
1.0742372881355933,1.0351573483760134e-05,0.05
1.1249152542372882,1.0038897789194388e-05,0.05
1.1755932203389832,9.766535141745046e-06,0.05
1.2262711864406781,9.529054629482661e-06,0.05
1.276949152542373,9.318386085205938e-06,0.05
1.327627118644068,9.129416208379942e-06,0.05
1.378305084745763,8.957467122789006e-06,0.05
1.4289830508474577,8.799758711226778e-06,0.05
1.4796610169491526,8.654868380341463e-06,0.05
1.5303389830508476,8.520701475995608e-06,0.05
1.5810169491525425,8.394618741152233e-06,0.05
1.6316949152542375,8.275257139768257e-06,0.05
1.6823728813559324,8.161771381185791e-06,0.05
1.7330508474576274,8.05388486348351e-06,0.05
1.7837288135593223,7.951006075813923e-06,0.05
1.8344067796610173,7.85359234109063e-06,0.05
1.885084745762712,7.760033492397895e-06,0.05
1.935762711864407,7.67096061709134e-06,0.05
1.986440677966102,7.5854743353031194e-06,0.05
2.037118644067797,7.504149059031917e-06,0.05
2.0877966101694914,7.427010124733868e-06,0.05
2.1384745762711863,7.3538199348323195e-06,0.05
2.1891525423728813,7.284752377055862e-06,0.05
2.239830508474576,7.219686887844798e-06,0.05
2.290508474576271,7.158690364599079e-06,0.05
2.341186440677966,7.101862954096537e-06,0.05
2.391864406779661,7.049080465557208e-06,0.05
2.442542372881356,7.000168177798834e-06,0.05
2.493220338983051,6.95462060988986e-06,0.05
2.543898305084746,6.91249236628926e-06,0.05
2.594576271186441,6.8732776272052955e-06,0.05
2.645254237288136,6.83675067331684e-06,0.05
2.6959322033898308,6.802381120591032e-06,0.05
2.7466101694915257,6.770556719080706e-06,0.05
2.7972881355932206,6.740732752370826e-06,0.05
2.847966101694915,6.712686308938162e-06,0.05
2.89864406779661,6.686457037527984e-06,0.05
2.949322033898305,6.661910640518518e-06,0.05
3.0,6.639007851713565e-06,0.05
0.01,3.522643095478684e-05,0.2
0.06067796610169492,3.481698767897214e-05,0.2
0.11135593220338984,3.3232667785690456e-05,0.2
0.16203389830508477,3.116637275511415e-05,0.2
0.2127118644067797,2.83563726013382e-05,0.2
0.26338983050847464,2.5898363530749762e-05,0.2
0.31406779661016954,2.3889582355485203e-05,0.2
0.36474576271186443,2.2089807033474107e-05,0.2
0.4154237288135594,2.0190991441080978e-05,0.2
0.4661016949152543,1.854732691370956e-05,0.2
0.5167796610169493,1.73800673221015e-05,0.2
0.5674576271186441,1.6599666872886985e-05,0.2
0.6181355932203391,1.603670959350496e-05,0.2
0.668813559322034,1.545043994582115e-05,0.2
0.7194915254237289,1.4762032866283739e-05,0.2
0.7701694915254238,1.3990714105200904e-05,0.2
0.8208474576271187,1.3214099533921579e-05,0.2
0.8715254237288137,1.2496823475276055e-05,0.2
0.9222033898305086,1.18820232803885e-05,0.2
0.9728813559322035,1.136406116026206e-05,0.2
1.0235593220338985,1.092563070221444e-05,0.2
1.0742372881355933,1.0551348053662464e-05,0.2
1.1249152542372882,1.0225615640075909e-05,0.2
1.1755932203389832,9.939910823247024e-06,0.2
1.2262711864406781,9.689315256360739e-06,0.2
1.276949152542373,9.466903614659134e-06,0.2
1.327627118644068,9.267232478079549e-06,0.2
1.378305084745763,9.086161252560594e-06,0.2
1.4289830508474577,8.920563354842389e-06,0.2
1.4796610169491526,8.768427860877009e-06,0.2
1.5303389830508476,8.62693665886292e-06,0.2
1.5810169491525425,8.492952315470979e-06,0.2
1.6316949152542375,8.364717145144499e-06,0.2
1.6823728813559324,8.241359448274804e-06,0.2
1.7330508474576274,8.12259652077898e-06,0.2
1.7837288135593223,8.008160851356169e-06,0.2
1.8344067796610173,7.89822146763189e-06,0.2
1.885084745762712,7.792367239803094e-06,0.2
1.935762711864407,7.690662601839095e-06,0.2
1.986440677966102,7.592841993965505e-06,0.2
2.037118644067797,7.49895412119946e-06,0.2
2.0877966101694914,7.40893807257374e-06,0.2
2.1384745762711863,7.32267901503244e-06,0.2
2.1891525423728813,7.24008905716575e-06,0.2
2.239830508474576,7.16110292476998e-06,0.2
2.290508474576271,7.08576386261217e-06,0.2
2.341186440677966,7.01423941654714e-06,0.2
2.391864406779661,6.9464631229111095e-06,0.2
2.442542372881356,6.882254436670725e-06,0.2
2.493220338983051,6.821383767974805e-06,0.2
2.543898305084746,6.763668674648375e-06,0.2
2.594576271186441,6.708778609804419e-06,0.2
2.645254237288136,6.65637730253077e-06,0.2
2.6959322033898308,6.606281158015805e-06,0.2
2.7466101694915257,6.55838199995959e-06,0.2
2.7972881355932206,6.512495650879635e-06,0.2
2.847966101694915,6.468468876794234e-06,0.2
2.89864406779661,6.426238738081769e-06,0.2
2.949322033898305,6.385708426446205e-06,0.2
3.0,6.34688728989815e-06,0.2
0.01,3.5225790808732845e-05,0.4
0.06067796610169492,3.481584631580337e-05,0.4
0.11135593220338984,3.3235846900866225e-05,0.4
0.16203389830508477,3.11759690836893e-05,0.4
0.2127118644067797,2.8383531066215627e-05,0.4
0.26338983050847464,2.5929034060148726e-05,0.4
0.31406779661016954,2.3922727667812608e-05,0.4
0.36474576271186443,2.2122638272106737e-05,0.4
0.4154237288135594,2.0240269483467607e-05,0.4
0.4661016949152543,1.860461728809064e-05,0.4
0.5167796610169493,1.7433454714370507e-05,0.4
0.5674576271186441,1.6646745709548953e-05,0.4
0.6181355932203391,1.60761022216413e-05,0.4
0.668813559322034,1.5491196895772084e-05,0.4
0.7194915254237289,1.4804236500550281e-05,0.4
0.7701694915254238,1.4038342186404354e-05,0.4
0.8208474576271187,1.3263938056175565e-05,0.4
0.8715254237288137,1.254668427176025e-05,0.4
0.9222033898305086,1.1928396613009462e-05,0.4
0.9728813559322035,1.14070965452603e-05,0.4
1.0235593220338985,1.0965641587040186e-05,0.4
1.0742372881355933,1.058829220138899e-05,0.4
1.1249152542372882,1.026003411859804e-05,0.4
1.1755932203389832,9.971905080980123e-06,0.4
1.2262711864406781,9.718533247355771e-06,0.4
1.276949152542373,9.493714217157425e-06,0.4
1.327627118644068,9.291923676689178e-06,0.4
1.378305084745763,9.109003525307074e-06,0.4
1.4289830508474577,8.941942212213207e-06,0.4
1.4796610169491526,8.788381549473714e-06,0.4
1.5303389830508476,8.645441687586743e-06,0.4
1.5810169491525425,8.509991206936976e-06,0.4
1.6316949152542375,8.380177667626617e-06,0.4
1.6823728813559324,8.255141677693342e-06,0.4
1.7330508474576274,8.134490397352567e-06,0.4
1.7837288135593223,8.01815383823634e-06,0.4
1.8344067796610173,7.906115213369896e-06,0.4
1.885084745762712,7.79817982818921e-06,0.4
1.935762711864407,7.694347503493831e-06,0.4
1.986440677966102,7.5944536666466946e-06,0.4
2.037118644067797,7.4984728923026565e-06,0.4
2.0877966101694914,7.40629987202348e-06,0.4
2.1384745762711863,7.317844714617284e-06,0.4
2.1891525423728813,7.232990167884089e-06,0.4
2.239830508474576,7.1516749841226795e-06,0.4
2.290508474576271,7.073951004748539e-06,0.4
2.341186440677966,6.99996754056982e-06,0.4
2.391864406779661,6.929671826136432e-06,0.4
2.442542372881356,6.862899375390674e-06,0.4
2.493220338983051,6.799448846205362e-06,0.4
2.543898305084746,6.739091198159396e-06,0.4
2.594576271186441,6.681547882357562e-06,0.4
2.645254237288136,6.626488536267557e-06,0.4
2.6959322033898308,6.5737418123108525e-06,0.4
2.7466101694915257,6.523157707183162e-06,0.4
2.7972881355932206,6.474564126068099e-06,0.4
2.847966101694915,6.427892164979858e-06,0.4
2.89864406779661,6.382989572621745e-06,0.4
2.949322033898305,6.339795380732085e-06,0.4
3.0,6.298317040614012e-06,0.4
0.01,3.5225025219188915e-05,0.6
0.06067796610169492,3.4815306859014115e-05,0.6
0.11135593220338984,3.3240011363145485e-05,0.6
0.16203389830508477,3.118532858567655e-05,0.6
0.2127118644067797,2.8410687354947835e-05,0.6
0.26338983050847464,2.5960299269520534e-05,0.6
0.31406779661016954,2.39511480355882e-05,0.6
0.36474576271186443,2.2142804406872732e-05,0.6
0.4154237288135594,2.0279189530391236e-05,0.6
0.4661016949152543,1.8653708958109517e-05,0.6
0.5167796610169493,1.7474888722132584e-05,0.6
0.5674576271186441,1.6677045588537668e-05,0.6
0.6181355932203391,1.609062561885127e-05,0.6
0.668813559322034,1.550253834493e-05,0.6
0.7194915254237289,1.481599605222068e-05,0.6
0.7701694915254238,1.405655623093097e-05,0.6
0.8208474576271187,1.328732329513639e-05,0.6
0.8715254237288137,1.2573028645437594e-05,0.6
0.9222033898305086,1.1952961876242239e-05,0.6
0.9728813559322035,1.1429125456440352e-05,0.6
1.0235593220338985,1.0985419291131751e-05,0.6
1.0742372881355933,1.0605781048761895e-05,0.6
1.1249152542372882,1.0276142264356643e-05,0.6
1.1755932203389832,9.986864333763833e-06,0.6
1.2262711864406781,9.731856173492084e-06,0.6
1.276949152542373,9.505585521551521e-06,0.6
1.327627118644068,9.302573745158742e-06,0.6
1.378305084745763,9.118704669753287e-06,0.6
1.4289830508474577,8.950853378742669e-06,0.6
1.4796610169491526,8.796511379308153e-06,0.6
1.5303389830508476,8.652792372330475e-06,0.6
1.5810169491525425,8.516602254873052e-06,0.6
1.6316949152542375,8.386102209418733e-06,0.6
1.6823728813559324,8.260455651721023e-06,0.6
1.7330508474576274,8.139163657230347e-06,0.6
1.7837288135593223,8.022160187616837e-06,0.6
1.8344067796610173,7.909370694898881e-06,0.6
1.885084745762712,7.800733575676983e-06,0.6
1.935762711864407,7.696148930715281e-06,0.6
1.986440677966102,7.595542545161811e-06,0.6
2.037118644067797,7.498843183973134e-06,0.6
2.0877966101694914,7.405945124470249e-06,0.6
2.1384745762711863,7.316728805914977e-06,0.6
2.1891525423728813,7.231104915977109e-06,0.6
2.239830508474576,7.149005382767044e-06,0.6
2.290508474576271,7.070485757972872e-06,0.6
2.341186440677966,6.995668377256975e-06,0.6
2.391864406779661,6.924508039772878e-06,0.6
2.442542372881356,6.856854458677967e-06,0.6
2.493220338983051,6.792505619789639e-06,0.6
2.543898305084746,6.7312142235208995e-06,0.6
2.594576271186441,6.672727272728883e-06,0.6
2.645254237288136,6.616748592391779e-06,0.6
2.6959322033898308,6.56310457163156e-06,0.6
2.7466101694915257,6.511609001726607e-06,0.6
2.7972881355932206,6.4621194892844246e-06,0.6
2.847966101694915,6.414542498747365e-06,0.6
2.89864406779661,6.368742243652737e-06,0.6
2.949322033898305,6.324661793802412e-06,0.6
3.0,6.28229788709628e-06,0.6
0.01,3.5224038701258934e-05,0.8
0.06067796610169492,3.481485086351073e-05,0.8
0.11135593220338984,3.32455384030113e-05,0.8
0.16203389830508477,3.119630750060138e-05,0.8
0.2127118644067797,2.8444775164633387e-05,0.8
0.26338983050847464,2.599940884161581e-05,0.8
0.31406779661016954,2.3983962630887085e-05,0.8
0.36474576271186443,2.2163909415048114e-05,0.8
0.4154237288135594,2.0323538702323775e-05,0.8
0.4661016949152543,1.8710679657181723e-05,0.8
0.5167796610169493,1.752162840404535e-05,0.8
0.5674576271186441,1.670832164158225e-05,0.8
0.6181355932203391,1.6100978373637174e-05,0.8
0.668813559322034,1.55053949197827e-05,0.8
0.7194915254237289,1.4820084338430312e-05,0.8
0.7701694915254238,1.4067889548668274e-05,0.8
0.8208474576271187,1.3306448095353548e-05,0.8
0.8715254237288137,1.2596566097544337e-05,0.8
0.9222033898305086,1.1975431099309941e-05,0.8
0.9728813559322035,1.1448796654093643e-05,0.8
1.0235593220338985,1.1002529731599519e-05,0.8
1.0742372881355933,1.0620488640202836e-05,0.8
1.1249152542372882,1.0289398598850266e-05,0.8
1.1755932203389832,9.999039793711737e-06,0.8
1.2262711864406781,9.742588873635975e-06,0.8
1.276949152542373,9.514870629016684e-06,0.8
1.327627118644068,9.310701201232533e-06,0.8
1.378305084745763,9.125904028692492e-06,0.8
1.4289830508474577,8.95732426922927e-06,0.8
1.4796610169491526,8.802270457598186e-06,0.8
1.5303389830508476,8.657772902229108e-06,0.8
1.5810169491525425,8.52097209390197e-06,0.8
1.6316949152542375,8.389970235628222e-06,0.8
1.6823728813559324,8.263926482748934e-06,0.8
1.7330508474576274,8.142269680319132e-06,0.8
1.7837288135593223,8.024889793175469e-06,0.8
1.8344067796610173,7.911709537327158e-06,0.8
1.885084745762712,7.802678532073535e-06,0.8
1.935762711864407,7.697701816756371e-06,0.8
1.986440677966102,7.596711023059811e-06,0.8
2.037118644067797,7.499627592573104e-06,0.8
2.0877966101694914,7.40633804288128e-06,0.8
2.1384745762711863,7.316727930922293e-06,0.8
2.1891525423728813,7.230702898362104e-06,0.8
2.239830508474576,7.148199757645093e-06,0.8
2.290508474576271,7.0692795221459635e-06,0.8
2.341186440677966,6.994025666945105e-06,0.8
2.391864406779661,6.922408467764295e-06,0.8
2.442542372881356,6.854281833783613e-06,0.8
2.493220338983051,6.7894354341801505e-06,0.8
2.543898305084746,6.7276271387015565e-06,0.8
2.594576271186441,6.668618034179185e-06,0.8
2.645254237288136,6.6121349547358354e-06,0.8
2.6959322033898308,6.558020780155559e-06,0.8
2.7466101694915257,6.506052929403022e-06,0.8
2.7972881355932206,6.456105197710327e-06,0.8
2.847966101694915,6.40806718572538e-06,0.8
2.89864406779661,6.361808936387041e-06,0.8
2.949322033898305,6.317286761884659e-06,0.8
3.0,6.274481845394538e-06,0.8
0.01,3.522286435753047e-05,1.0
0.06067796610169492,3.481437307023784e-05,1.0
0.11135593220338984,3.325246748990331e-05,1.0
0.16203389830508477,3.120878738480414e-05,1.0
0.2127118644067797,2.848694930302073e-05,1.0
0.26338983050847464,2.604754481002054e-05,1.0
0.31406779661016954,2.402306677795756e-05,1.0
0.36474576271186443,2.218947595888598e-05,1.0
0.4154237288135594,2.037555907436242e-05,1.0
0.4661016949152543,1.877754637192731e-05,1.0
0.5167796610169493,1.757717605726509e-05,1.0
0.5674576271186441,1.67439774551372e-05,1.0
0.6181355932203391,1.611170689543013e-05,1.0
0.668813559322034,1.550425541957021e-05,1.0
0.7194915254237289,1.482116279993134e-05,1.0
0.7701694915254238,1.407699641725159e-05,1.0
0.8208474576271187,1.332541549840429e-05,1.0
0.8715254237288137,1.262113563049159e-05,1.0
0.9222033898305086,1.199968125092691e-05,1.0
0.9728813559322035,1.146987814075967e-05,1.0
1.0235593220338985,1.10205005867439e-05,1.0
1.0742372881355933,1.063582416731168e-05,1.0
1.1249152542372882,1.030291594566391e-05,1.0
1.1755932203389832,1.001126941931132e-05,1.0
1.2262711864406781,9.753369874515577e-06,1.0
1.276949152542373,9.524056624044023e-06,1.0
1.327627118644068,9.31858882201682e-06,1.0
1.378305084745763,9.132773886585657e-06,1.0
1.4289830508474577,8.96339169826175e-06,1.0
1.4796610169491526,8.80751882954936e-06,1.0
1.5303389830508476,8.662175323730695e-06,1.0
1.5810169491525425,8.52474436237023e-06,1.0
1.6316949152542375,8.39329684469749e-06,1.0
1.6823728813559324,8.266881904565671e-06,1.0
1.7330508474576274,8.144958008538591e-06,1.0
1.7837288135593223,8.027318576186254e-06,1.0
1.8344067796610173,7.913873838783685e-06,1.0
1.885084745762712,7.804572364920828e-06,1.0
1.935762711864407,7.699331006099485e-06,1.0
1.986440677966102,7.598083264377447e-06,1.0
2.037118644067797,7.500739169270669e-06,1.0
2.0877966101694914,7.40718973927697e-06,1.0
2.1384745762711863,7.31731890938781e-06,1.0
2.1891525423728813,7.2310327531613e-06,1.0
2.239830508474576,7.148280497788117e-06,1.0
2.290508474576271,7.069112591630665e-06,1.0
2.341186440677966,6.993577105990857e-06,1.0
2.391864406779661,6.921658156164809e-06,1.0
2.442542372881356,6.853207367394696e-06,1.0
2.493220338983051,6.788014524839693e-06,1.0
2.543898305084746,6.725845328044603e-06,1.0
2.594576271186441,6.666468260850984e-06,1.0
2.645254237288136,6.60965235695567e-06,1.0
2.6959322033898308,6.555216540282121e-06,1.0
2.7466101694915257,6.502952655556472e-06,1.0
2.7972881355932206,6.452718237548767e-06,1.0
2.847966101694915,6.404391696939318e-06,1.0
2.89864406779661,6.357857687260039e-06,1.0
2.949322033898305,6.313068616519822e-06,1.0
3.0,6.269999774835312e-06,1.0
0.01,3.522156721117301e-05,1.2
0.06067796610169492,3.481383403070494e-05,1.2
0.11135593220338984,3.3260771573229566e-05,1.2
0.16203389830508477,3.122235919607654e-05,1.2
0.2127118644067797,2.853725031910546e-05,1.2
0.26338983050847464,2.6104831396221802e-05,1.2
0.31406779661016954,2.406926231496506e-05,1.2
0.36474576271186443,2.222207511603421e-05,1.2
0.4154237288135594,2.043481899532666e-05,1.2
0.4661016949152543,1.885422338468662e-05,1.2
0.5167796610169493,1.76427231464222e-05,1.2
0.5674576271186441,1.6785276818345016e-05,1.2
0.6181355932203391,1.6124749246385044e-05,1.2
0.668813559322034,1.5501366179695533e-05,1.2
0.7194915254237289,1.4820942445631036e-05,1.2
0.7701694915254238,1.4085797925605683e-05,1.2
0.8208474576271187,1.3345205476782775e-05,1.2
0.8715254237288137,1.2647757506944767e-05,1.2
0.9222033898305086,1.2026834229855691e-05,1.2
0.9728813559322035,1.1493609053889924e-05,1.2
1.0235593220338985,1.1040574704013426e-05,1.2
1.0742372881355933,1.065291641120361e-05,1.2
1.1249152542372882,1.031775543692915e-05,1.2
1.1755932203389832,1.0024466250436567e-05,1.2
1.2262711864406781,9.765018174139242e-06,1.2
1.276949152542373,9.533999706875083e-06,1.2
1.327627118644068,9.327031268663017e-06,1.2
1.378305084745763,9.140047678089542e-06,1.2
1.4289830508474577,8.969697672375175e-06,1.2
1.4796610169491526,8.812867671528393e-06,1.2
1.5303389830508476,8.666612329959942e-06,1.2
1.5810169491525425,8.52848423925771e-06,1.2
1.6316949152542375,8.396546396369926e-06,1.2
1.6823728813559324,8.269783115986986e-06,1.2
1.7330508474576274,8.147617879331765e-06,1.2
1.7837288135593223,8.02976127494674e-06,1.2
1.8344067796610173,7.916110201613799e-06,1.2
1.885084745762712,7.806588875845523e-06,1.2
1.935762711864407,7.70114645948821e-06,1.2
1.986440677966102,7.599699764050283e-06,1.2
2.037118644067797,7.502153101288484e-06,1.2
2.0877966101694914,7.408398869812828e-06,1.2
2.1384745762711863,7.318328579997224e-06,1.2
2.1891525423728813,7.231847331549033e-06,1.2
2.239830508474576,7.1489191686720295e-06,1.2
2.290508474576271,7.069574708611706e-06,1.2
2.341186440677966,6.993835623387902e-06,1.2
2.391864406779661,6.92168226536416e-06,1.2
2.442542372881356,6.852970687912435e-06,1.2
2.493220338983051,6.787499943802642e-06,1.2
2.543898305084746,6.7250444448335565e-06,1.2
2.594576271186441,6.665378032217429e-06,1.2
2.645254237288136,6.6083021518542215e-06,1.2
2.6959322033898308,6.553618506910247e-06,1.2
2.7466101694915257,6.5011328773184e-06,1.2
2.7972881355932206,6.450691882447396e-06,1.2
2.847966101694915,6.402165229171554e-06,1.2
2.89864406779661,6.3554438796015355e-06,1.2
2.949322033898305,6.310472450193862e-06,1.2
3.0,6.267227201407071e-06,1.2
0.01,3.522021575462755e-05,1.4
0.06067796610169492,3.4813211663364326e-05,1.4
0.11135593220338984,3.327039663977004e-05,1.4
0.16203389830508477,3.123702296167449e-05,1.4
0.2127118644067797,2.8595264924278695e-05,1.4
0.26338983050847464,2.6170984599419847e-05,1.4
0.31406779661016954,2.41232397586798e-05,1.4
0.36474576271186443,2.2263158828547973e-05,1.4
0.4154237288135594,2.0500581337015995e-05,1.4
0.4661016949152543,1.8939926352068807e-05,1.4
0.5167796610169493,1.7718548425147352e-05,1.4
0.5674576271186441,1.683270482918103e-05,1.4
0.6181355932203391,1.6141127751258472e-05,1.4
0.668813559322034,1.5498829222336493e-05,1.4
0.7194915254237289,1.4820312181299393e-05,1.4
0.7701694915254238,1.4095126178933256e-05,1.4
0.8208474576271187,1.3365977611248108e-05,1.4
0.8715254237288137,1.267659484633638e-05,1.4
0.9222033898305086,1.20570462041189e-05,1.4
0.9728813559322035,1.1520493121513936e-05,1.4
1.0235593220338985,1.1063339010485737e-05,1.4
1.0742372881355933,1.0672279701241108e-05,1.4
1.1249152542372882,1.0334391682542394e-05,1.4
1.1755932203389832,1.0039036693040936e-05,1.4
1.2262711864406781,9.77784788671455e-06,1.4
1.276949152542373,9.54506614986493e-06,1.4
1.327627118644068,9.336400915049294e-06,1.4
1.378305084745763,9.148060137522057e-06,1.4
1.4289830508474577,8.976546977069571e-06,1.4
1.4796610169491526,8.818611165904615e-06,1.4
1.5303389830508476,8.671354219902744e-06,1.4
1.5810169491525425,8.532446387193443e-06,1.4
1.6316949152542375,8.399988635581987e-06,1.4
1.6823728813559324,8.2728454490471e-06,1.4
1.7330508474576274,8.150414833379214e-06,1.4
1.7837288135593223,8.032356108537544e-06,1.4
1.8344067796610173,7.918509652602865e-06,1.4
1.885084745762712,7.808824151562593e-06,1.4
1.935762711864407,7.703200919940972e-06,1.4
1.986440677966102,7.601574141778279e-06,1.4
2.037118644067797,7.5038506882168575e-06,1.4
2.0877966101694914,7.409923303527972e-06,1.4
2.1384745762711863,7.319682508286678e-06,1.4
2.1891525423728813,7.233043586116722e-06,1.4
2.239830508474576,7.149978248051594e-06,1.4
2.290508474576271,7.070492376882973e-06,1.4
2.341186440677966,6.994589724983293e-06,1.4
2.391864406779661,6.922229569659492e-06,1.4
2.442542372881356,6.853287402029349e-06,1.4
2.493220338983051,6.787572324761714e-06,1.4
2.543898305084746,6.724872651547898e-06,1.4
2.594576271186441,6.664963451086549e-06,1.4
2.645254237288136,6.6076596245076145e-06,1.4
2.6959322033898308,6.5527658818168485e-06,1.4
2.7466101694915257,6.500092943122651e-06,1.4
2.7972881355932206,6.449485753289411e-06,1.4
2.847966101694915,6.40080460762587e-06,1.4
2.89864406779661,6.353940007892468e-06,1.4
2.949322033898305,6.308839001245675e-06,1.4
3.0,6.265467104685177e-06,1.4
0.01,3.521885750078261e-05,1.6
0.06067796610169492,3.4812488792520204e-05,1.6
0.11135593220338984,3.328127654476085e-05,1.6
0.16203389830508477,3.125343670593501e-05,1.6
0.2127118644067797,2.8660296230750233e-05,1.6
0.26338983050847464,2.624558912553756e-05,1.6
0.31406779661016954,2.418559439366373e-05,1.6
0.36474576271186443,2.2313521274820294e-05,1.6
0.4154237288135594,2.0572313114552626e-05,1.6
0.4661016949152543,1.903351789997856e-05,1.6
0.5167796610169493,1.780384322889027e-05,1.6
0.5674576271186441,1.6886753484017276e-05,1.6
0.6181355932203391,1.6161762246523916e-05,1.6
0.668813559322034,1.5498374779699306e-05,1.6
0.7194915254237289,1.481987840916116e-05,1.6
0.7701694915254238,1.4105318311535006e-05,1.6
0.8208474576271187,1.3387972650582662e-05,1.6
0.8715254237288137,1.2707425659364756e-05,1.6
0.9222033898305086,1.2090196897434637e-05,1.6
0.9728813559322035,1.155074180066508e-05,1.6
1.0235593220338985,1.108910619674753e-05,1.6
1.0742372881355933,1.0694152487756093e-05,1.6
1.1249152542372882,1.0353069411914749e-05,1.6
1.1755932203389832,1.0055220210993088e-05,1.6
1.2262711864406781,9.79204338018198e-06,1.6
1.276949152542373,9.557392929191144e-06,1.6
1.327627118644068,9.346890898950418e-06,1.6
1.378305084745763,9.156983799726719e-06,1.6
1.4289830508474577,8.984107346902743e-06,1.6
1.4796610169491526,8.82490258822598e-06,1.6
1.5303389830508476,8.676548700103512e-06,1.6
1.5810169491525425,8.536768398661193e-06,1.6
1.6316949152542375,8.403723415038013e-06,1.6
1.6823728813559324,8.27617417655635e-06,1.6
1.7330508474576274,8.1534442742649e-06,1.6
1.7837288135593223,8.035169398190936e-06,1.6
1.8344067796610173,7.92116006524702e-06,1.6
1.885084745762712,7.811304774600924e-06,1.6
1.935762711864407,7.705513642591167e-06,1.6
1.986440677966102,7.603718628291969e-06,1.6
2.037118644067797,7.5058316770899505e-06,1.6
2.0877966101694914,7.411742467691737e-06,1.6
2.1384745762711863,7.321345740596062e-06,1.6
2.1891525423728813,7.234569213294319e-06,1.6
2.239830508474576,7.1513839420830315e-06,1.6
2.290508474576271,7.0717776329323935e-06,1.6
2.341186440677966,6.995725565207781e-06,1.6
2.391864406779661,6.923173853057393e-06,1.6
2.442542372881356,6.854015916144318e-06,1.6
2.493220338983051,6.788074766354063e-06,1.6
2.543898305084746,6.725150560446744e-06,1.6
2.594576271186441,6.665022768787375e-06,1.6
2.645254237288136,6.607516001738056e-06,1.6
2.6959322033898308,6.552429828686087e-06,1.6
2.7466101694915257,6.499587367078587e-06,1.6
2.7972881355932206,6.448831429358681e-06,1.6
2.847966101694915,6.400021082460138e-06,1.6
2.89864406779661,6.3530447083846495e-06,1.6
2.949322033898305,6.3078420311437064e-06,1.6
3.0,6.264372323871988e-06,1.6
0.01,3.52175176994926e-05,1.8
0.06067796610169492,3.4811649239325207e-05,1.8
0.11135593220338984,3.3293333597378604e-05,1.8
0.16203389830508477,3.127204912173622e-05,1.8
0.2127118644067797,2.8731422196926366e-05,1.8
0.26338983050847464,2.6328275144212948e-05,1.8
0.31406779661016954,2.4256747214975427e-05,1.8
0.36474576271186443,2.2373727872560812e-05,1.8
0.4154237288135594,2.0649760683463933e-05,1.8
0.4661016949152543,1.91336016460936e-05,1.8
0.5167796610169493,1.7897406982235424e-05,1.8
0.5674576271186441,1.6947988928734342e-05,1.8
0.6181355932203391,1.618762074235964e-05,1.8
0.668813559322034,1.550135986097504e-05,1.8
0.7194915254237289,1.4820267303688726e-05,1.8
0.7701694915254238,1.411654012702539e-05,1.8
0.8208474576271187,1.3411387036653827e-05,1.8
0.8715254237288137,1.273987813514591e-05,1.8
0.9222033898305086,1.2126030587768082e-05,1.8
0.9728813559322035,1.1584401321751611e-05,1.8
1.0235593220338985,1.1118049087510216e-05,1.8
1.0742372881355933,1.0718691836244461e-05,1.8
1.1249152542372882,1.0373954633240056e-05,1.8
1.1755932203389832,1.0073167880182027e-05,1.8
1.2262711864406781,9.807698430892234e-06,1.8
1.276949152542373,9.57103351922995e-06,1.8
1.327627118644068,9.358625197816122e-06,1.8
1.378305084745763,9.166929368036232e-06,1.8
1.4289830508474577,8.992461424393538e-06,1.8
1.4796610169491526,8.831847579928393e-06,1.8
1.5303389830508476,8.6822825262067e-06,1.8
1.5810169491525425,8.541550171390765e-06,1.8
1.6316949152542375,8.407837229710684e-06,1.8
1.6823728813559324,8.279836319026494e-06,1.8
1.7330508474576274,8.156769367753433e-06,1.8
1.7837288135593223,8.038267938000139e-06,1.8
1.8344067796610173,7.92407154503335e-06,1.8
1.885084745762712,7.814052389465533e-06,1.8
1.935762711864407,7.708097403702455e-06,1.8
1.986440677966102,7.60613903696741e-06,1.8
2.037118644067797,7.5080920460497e-06,1.8
2.0877966101694914,7.413845955850177e-06,1.8
2.1384745762711863,7.3233001566940105e-06,1.8
2.1891525423728813,7.23639615961036e-06,1.8
2.239830508474576,7.153097689377666e-06,1.8
2.290508474576271,7.07337619583636e-06,1.8
2.341186440677966,6.997179696889694e-06,1.8
2.391864406779661,6.924445992664922e-06,1.8
2.442542372881356,6.855078563999228e-06,1.8
2.493220338983051,6.788921247878505e-06,1.8
2.543898305084746,6.725780456467761e-06,1.8
2.594576271186441,6.6654495284112555e-06,1.8
2.645254237288136,6.607750743753644e-06,1.8
2.6959322033898308,6.552483898168933e-06,1.8
2.7466101694915257,6.499481401652172e-06,1.8
2.7972881355932206,6.448588098612839e-06,1.8
2.847966101694915,6.3996560846671226e-06,1.8
2.89864406779661,6.35258444704175e-06,1.8
2.949322033898305,6.3073002964740555e-06,1.8
3.0,6.263746724594572e-06,1.8
0.01,3.5216200086989853e-05,2.0
0.06067796610169492,3.4810677602589395e-05,2.0
0.11135593220338984,3.330647679661104e-05,2.0
0.16203389830508477,3.129308713451479e-05,2.0
0.2127118644067797,2.8807515780110876e-05,2.0
0.26338983050847464,2.6418809188273784e-05,2.0
0.31406779661016954,2.43369010274682e-05,2.0
0.36474576271186443,2.24441856348966e-05,2.0
0.4154237288135594,2.0733596059902e-05,2.0
0.4661016949152543,1.923877695778392e-05,2.0
0.5167796610169493,1.799816611942659e-05,2.0
0.5674576271186441,1.7016862834874934e-05,2.0
0.6181355932203391,1.621945761320723e-05,2.0
0.668813559322034,1.5508982247960145e-05,2.0
0.7194915254237289,1.482248392035142e-05,2.0
0.7701694915254238,1.4128893180580855e-05,2.0
0.8208474576271187,1.3436178983578855e-05,2.0
0.8715254237288137,1.2773714533499784e-05,2.0
0.9222033898305086,1.2164196895814054e-05,2.0
0.9728813559322035,1.1621266913278884e-05,2.0
1.0235593220338985,1.115025198783444e-05,2.0
1.0742372881355933,1.0746006876968855e-05,2.0
1.1249152542372882,1.0397152462886234e-05,2.0
1.1755932203389832,1.009300952452624e-05,2.0
1.2262711864406781,9.82489939725775e-06,2.0
1.276949152542373,9.58604125258962e-06,2.0
1.327627118644068,9.37161969498757e-06,2.0
1.378305084745763,9.17796729113319e-06,2.0
1.4289830508474577,9.001699740413825e-06,2.0
1.4796610169491526,8.83951406745291e-06,2.0
1.5303389830508476,8.68863683385188e-06,2.0
1.5810169491525425,8.54686167169286e-06,2.0
1.6316949152542375,8.412383995774234e-06,2.0
1.6823728813559324,8.28387345822366e-06,2.0
1.7330508474576274,8.16044428784208e-06,2.0
1.7837288135593223,8.04167090988382e-06,2.0
1.8344067796610173,7.92727027182184e-06,2.0
1.885084745762712,7.81708140878145e-06,2.0
1.935762711864407,7.71096101921227e-06,2.0
1.986440677966102,7.608838569669985e-06,2.0
2.037118644067797,7.51063058233824e-06,2.0
2.0877966101694914,7.41622788364037e-06,2.0
2.1384745762711863,7.32553648499938e-06,2.0
2.1891525423728813,7.23850755469223e-06,2.0
2.239830508474576,7.15509597760156e-06,2.0
2.290508474576271,7.07525406238582e-06,2.0
2.341186440677966,6.9989125310098e-06,2.0
2.391864406779661,6.92600059953157e-06,2.0
2.442542372881356,6.856428710670635e-06,2.0
2.493220338983051,6.790063354068515e-06,2.0
2.543898305084746,6.726706831978915e-06,2.0
2.594576271186441,6.666179782524225e-06,2.0
2.645254237288136,6.60829357868308e-06,2.0
2.6959322033898308,6.552853515479115e-06,2.0
2.7466101694915257,6.49969817933233e-06,2.0
2.7972881355932206,6.44866439571964e-06,2.0
2.847966101694915,6.39961887928785e-06,2.0
2.89864406779661,6.352457856671235e-06,2.0
2.949322033898305,6.307098624939165e-06,2.0
3.0,6.26347833186962e-06,2.0
0.01,3.521489278518831e-05,2.2
0.06067796610169492,3.480956357915518e-05,2.2
0.11135593220338984,3.332060387355012e-05,2.2
0.16203389830508477,3.131665471989774e-05,2.2
0.2127118644067797,2.888730542642969e-05,2.2
0.26338983050847464,2.6516779349773595e-05,2.2
0.31406779661016954,2.4426030029549203e-05,2.2
0.36474576271186443,2.2525083390564367e-05,2.2
0.4154237288135594,2.0824514307110655e-05,2.2
0.4661016949152543,1.9348091336289384e-05,2.2
0.5167796610169493,1.8105085556355796e-05,2.2
0.5674576271186441,1.709344467461518e-05,2.2
0.6181355932203391,1.6258098472324766e-05,2.2
0.668813559322034,1.5522374566264088e-05,2.2
0.7194915254237289,1.4827821565279109e-05,2.2
0.7701694915254238,1.4142474905679856e-05,2.2
0.8208474576271187,1.346220821612103e-05,2.2
0.8715254237288137,1.2808944962773768e-05,2.2
0.9222033898305086,1.220428456430508e-05,2.2
0.9728813559322035,1.1661031548481203e-05,2.2
1.0235593220338985,1.1185714213117013e-05,2.2
1.0742372881355933,1.0776185748424046e-05,2.2
1.1249152542372882,1.0422741142834776e-05,2.2
1.1755932203389832,1.0114839399687353e-05,2.2
1.2262711864406781,9.843721164031645e-06,2.2
1.276949152542373,9.60245519387052e-06,2.2
1.327627118644068,9.385890360452794e-06,2.2
1.378305084745763,9.190155006952603e-06,2.2
1.4289830508474577,9.0118867507943e-06,2.2
1.4796610169491526,8.84797600385043e-06,2.2
1.5303389830508476,8.695664767347576e-06,2.2
1.5810169491525425,8.552735791248414e-06,2.2
1.6316949152542375,8.41741351081308e-06,2.2
1.6823728813559324,8.288327766766645e-06,2.2
1.7330508474576274,8.164489161269164e-06,2.2
1.7837288135593223,8.045411935799631e-06,2.2
1.8344067796610173,7.930775784887685e-06,2.2
1.885084745762712,7.820401620163804e-06,2.2
1.935762711864407,7.714109492004713e-06,2.2
1.986440677966102,7.611820566579122e-06,2.2
2.037118644067797,7.513447722858632e-06,2.2
2.0877966101694914,7.418885603758886e-06,2.2
2.1384745762711863,7.328047996998671e-06,2.2
2.1891525423728813,7.240892384077258e-06,2.2
2.239830508474576,7.157361058729886e-06,2.2
2.290508474576271,7.077390652684967e-06,2.2
2.341186440677966,7.000899892112086e-06,2.2
2.391864406779661,6.927810917181336e-06,2.2
2.442542372881356,6.858038334297963e-06,2.2
2.493220338983051,6.791462235880258e-06,2.2
2.543898305084746,6.727897992237327e-06,2.2
2.594576271186441,6.667173239216522e-06,2.2
2.645254237288136,6.609102141696372e-06,2.2
2.6959322033898308,6.5534917544852546e-06,2.2
2.7466101694915257,6.500181818221249e-06,2.2
2.7972881355932206,6.449011448519218e-06,2.2
2.847966101694915,6.399852978238222e-06,2.2
2.89864406779661,6.352602973377386e-06,2.2
2.949322033898305,6.307173447596058e-06,2.2
3.0,6.263491689340945e-06,2.2
0.01,3.521358208922751e-05,2.4
0.06067796610169492,3.4808300105487576e-05,2.4
0.11135593220338984,3.333560684593871e-05,2.4
0.16203389830508477,3.134277848169502e-05,2.4
0.2127118644067797,2.8969364337822996e-05,2.4
0.26338983050847464,2.6621583825460908e-05,2.4
0.31406779661016954,2.4523897592307977e-05,2.4
0.36474576271186443,2.261641491283586e-05,2.4
0.4154237288135594,2.0922926602657884e-05,2.4
0.4661016949152543,1.946076059374547e-05,2.4
0.5167796610169493,1.82170553221483e-05,2.4
0.5674576271186441,1.7177359763281654e-05,2.4
0.6181355932203391,1.630442866690648e-05,2.4
0.668813559322034,1.5542486496608984e-05,2.4
0.7194915254237289,1.4837424810140942e-05,2.4
0.7701694915254238,1.4157508252727198e-05,2.4
0.8208474576271187,1.348933731017495e-05,2.4
0.8715254237288137,1.2845519780102258e-05,2.4
0.9222033898305086,1.2245934630607517e-05,2.4
0.9728813559322035,1.1703355223612225e-05,2.4
1.0235593220338985,1.1224341328315692e-05,2.4
1.0742372881355933,1.0809285122235522e-05,2.4
1.1249152542372882,1.045080500501425e-05,2.4
1.1755932203389832,1.0138728495313817e-05,2.4
1.2262711864406781,9.864240416896146e-06,2.4
1.276949152542373,9.620299083452138e-06,2.4
1.327627118644068,9.401429116034642e-06,2.4
1.378305084745763,9.203492378528262e-06,2.4
1.4289830508474577,9.023087230783425e-06,2.4
1.4796610169491526,8.857287379829576e-06,2.4
1.5303389830508476,8.703416978336267e-06,2.4
1.5810169491525425,8.559233414550467e-06,2.4
1.6316949152542375,8.422970507238904e-06,2.4
1.6823728813559324,8.293228758890276e-06,2.4
1.7330508474576274,8.16893281284567e-06,2.4
1.7837288135593223,8.04951312369918e-06,2.4
1.8344067796610173,7.934608968606558e-06,2.4
1.885084745762712,7.824020295613458e-06,2.4
1.935762711864407,7.717548071891054e-06,2.4
1.986440677966102,7.615086189933059e-06,2.4
2.037118644067797,7.516544947838221e-06,2.4
2.0877966101694914,7.421817029336405e-06,2.4
2.1384745762711863,7.3308310067049925e-06,2.4
2.1891525423728813,7.243542379293121e-06,2.4
2.239830508474576,7.159879439921509e-06,2.4
2.290508474576271,7.0797688664144455e-06,2.4
2.341186440677966,7.003124269299793e-06,2.4
2.391864406779661,6.929858526876983e-06,2.4
2.442542372881356,6.859887794077167e-06,2.4
2.493220338983051,6.793099914107067e-06,2.4
2.543898305084746,6.7293284320464546e-06,2.4
2.594576271186441,6.668405900515042e-06,2.4
2.645254237288136,6.6101490951159626e-06,2.4
2.6959322033898308,6.554369680184917e-06,2.4
2.7466101694915257,6.500902389052413e-06,2.4
2.7972881355932206,6.44959491259908e-06,2.4
2.847966101694915,6.400322537441409e-06,2.4
2.89864406779661,6.352980987333776e-06,2.4
2.949322033898305,6.3074791565637796e-06,2.4
3.0,6.263737174812592e-06,2.4
0.01,3.5212254337138414e-05,2.6
0.06067796610169492,3.480688498295339e-05,2.6
0.11135593220338984,3.335137157528609e-05,2.6
0.16203389830508477,3.137142302030027e-05,2.6
0.2127118644067797,2.9052264960190472e-05,2.6
0.26338983050847464,2.6732478065169416e-05,2.6
0.31406779661016954,2.4630137112411007e-05,2.6
0.36474576271186443,2.2718012904849998e-05,2.6
0.4154237288135594,2.102907823475364e-05,2.6
0.4661016949152543,1.9576551989399295e-05,2.6
0.5167796610169493,1.833292158863415e-05,2.6
0.5674576271186441,1.7268210689556755e-05,2.6
0.6181355932203391,1.635927952777113e-05,2.6
0.668813559322034,1.556998484228051e-05,2.6
0.7194915254237289,1.4852321944585685e-05,2.6
0.7701694915254238,1.4174567855845144e-05,2.6
0.8208474576271187,1.3517488853766362e-05,2.6
0.8715254237288137,1.2883285546707998e-05,2.6
0.9222033898305086,1.2289045356628974e-05,2.6
0.9728813559322035,1.1747835383327967e-05,2.6
1.0235593220338985,1.126589044221111e-05,2.6
1.0742372881355933,1.0845328422195611e-05,2.6
1.1249152542372882,1.0481400653213146e-05,2.6
1.1755932203389832,1.0164745848525754e-05,2.6
1.2262711864406781,9.88654684991412e-06,2.6
1.276949152542373,9.639626529701647e-06,2.6
1.327627118644068,9.418248989773368e-06,2.6
1.378305084745763,9.217972948141985e-06,2.6
1.4289830508474577,9.035336854143555e-06,2.6
1.4796610169491526,8.867505794919472e-06,2.6
1.5303389830508476,8.711942848403515e-06,2.6
1.5810169491525425,8.566403225401142e-06,2.6
1.6316949152542375,8.429095755888634e-06,2.6
1.6823728813559324,8.298606886208562e-06,2.6
1.7330508474576274,8.173804206053838e-06,2.6
1.7837288135593223,8.053994399217292e-06,2.6
1.8344067796610173,7.938787339849289e-06,2.6
1.885084745762712,7.827953591753373e-06,2.6
1.935762711864407,7.721281947829446e-06,2.6
1.986440677966102,7.618637499041139e-06,2.6
2.037118644067797,7.519919879866957e-06,2.6
2.0877966101694914,7.4250220496186075e-06,2.6
2.1384745762711863,7.333882571208649e-06,2.6
2.1891525423728813,7.24644923806425e-06,2.6
2.239830508474576,7.162642368631091e-06,2.6
2.290508474576271,7.082380307410311e-06,2.6
2.341186440677966,7.0055744621706265e-06,2.6
2.391864406779661,6.9321308723565994e-06,2.6
2.442542372881356,6.861966209886153e-06,2.6
2.493220338983051,6.7949640252743036e-06,2.6
2.543898305084746,6.7309827389715225e-06,2.6
2.594576271186441,6.669861117192977e-06,2.6
2.645254237288136,6.611416868140923e-06,2.6
2.6959322033898308,6.5554628491417615e-06,2.6
2.7466101694915257,6.501837375482584e-06,2.6
2.7972881355932206,6.450391715604419e-06,2.6
2.847966101694915,6.401003010799176e-06,2.6
2.89864406779661,6.35356624136637e-06,2.6
2.949322033898305,6.307987578392157e-06,2.6
3.0,6.264182912369177e-06,2.6
0.01,3.521089579204569e-05,2.8
0.06067796610169492,3.480531944958554e-05,2.8
0.11135593220338984,3.336777563362436e-05,2.8
0.16203389830508477,3.140249691876179e-05,2.8
0.2127118644067797,2.9134705834867705e-05,2.8
0.26338983050847464,2.6848571394916443e-05,2.8
0.31406779661016954,2.474437880878262e-05,2.8
0.36474576271186443,2.282956021476744e-05,2.8
0.4154237288135594,2.1143079931164576e-05,2.8
0.4661016949152543,1.9695993923836162e-05,2.8
0.5167796610169493,1.845185493154886e-05,2.8
0.5674576271186441,1.7365544965095444e-05,2.8
0.6181355932203391,1.6423286094563416e-05,2.8
0.668813559322034,1.5605551882632154e-05,2.8
0.7194915254237289,1.4873472090395498e-05,2.8
0.7701694915254238,1.4194622050733502e-05,2.8
0.8208474576271187,1.3546628978238214e-05,2.8
0.8715254237288137,1.292208031202018e-05,2.8
0.9222033898305086,1.2333569101600737e-05,2.8
0.9728813559322035,1.179405881912459e-05,2.8
1.0235593220338985,1.1310046708194894e-05,2.8
1.0742372881355933,1.0884298655038215e-05,2.8
1.1249152542372882,1.0514600750255619e-05,2.8
1.1755932203389832,1.0192969448351075e-05,2.8
1.2262711864406781,9.910696545925634e-06,2.8
1.276949152542373,9.66047735165239e-06,2.8
1.327627118644068,9.436355440580635e-06,2.8
1.378305084745763,9.233597997444907e-06,2.8
1.4289830508474577,9.048655065834396e-06,2.8
1.4796610169491526,8.878686089560168e-06,2.8
1.5303389830508476,8.721290596453747e-06,2.8
1.5810169491525425,8.574283123670548e-06,2.8
1.6316949152542375,8.43582838007833e-06,2.8
1.6823728813559324,8.304496270147554e-06,2.8
1.7330508474576274,8.179113106417054e-06,2.8
1.7837288135593223,8.058873268375458e-06,2.8
1.8344067796610173,7.943326420581708e-06,2.8
1.885084745762712,7.832216086401057e-06,2.8
1.935762711864407,7.725316469113574e-06,2.8
1.986440677966102,7.622477260727515e-06,2.8
2.037118644067797,7.523568210580443e-06,2.8
2.0877966101694914,7.428500458368257e-06,2.8
2.1384745762711863,7.33719892387099e-06,2.8
2.1891525423728813,7.249607461966169e-06,2.8
2.239830508474576,7.165644541415889e-06,2.8
2.290508474576271,7.085219529926343e-06,2.8
2.341186440677966,7.0082446533236184e-06,2.8
2.391864406779661,6.9346199294028966e-06,2.8
2.442542372881356,6.864257979830854e-06,2.8
2.493220338983051,6.797043251833918e-06,2.8
2.543898305084746,6.732850762352101e-06,2.8
2.594576271186441,6.671528278406211e-06,2.8
2.645254237288136,6.6128889903997325e-06,2.8
2.6959322033898308,6.5567584765635575e-06,2.8
2.7466101694915257,6.502972135037446e-06,2.8
2.7972881355932206,6.4513858568586535e-06,2.8
2.847966101694915,6.401877654366579e-06,2.8
2.89864406779661,6.35434120157379e-06,2.8
2.949322033898305,6.308680231914351e-06,2.8
3.0,6.264807796863989e-06,2.8
0.01,3.5209490722009836e-05,3.0
0.06067796610169492,3.4803606106574766e-05,3.0
0.11135593220338984,3.3384674762342834e-05,3.0
0.16203389830508477,3.143586916054118e-05,3.0
0.2127118644067797,2.9215968359687447e-05,3.0
0.26338983050847464,2.696881781277237e-05,3.0
0.31406779661016954,2.4866354098238767e-05,3.0
0.36474576271186443,2.29505578520127e-05,3.0
0.4154237288135594,2.1264943804616144e-05,3.0
0.4661016949152543,1.981963531566686e-05,3.0
0.5167796610169493,1.857312229339299e-05,3.0
0.5674576271186441,1.7468748556784652e-05,3.0
0.6181355932203391,1.649649511677037e-05,3.0
0.668813559322034,1.5649918451221993e-05,3.0
0.7194915254237289,1.4901589085728628e-05,3.0
0.7701694915254238,1.4218613849670615e-05,3.0
0.8208474576271187,1.3576877791056298e-05,3.0
0.8715254237288137,1.2961774898356475e-05,3.0
0.9222033898305086,1.2379376596773314e-05,3.0
0.9728813559322035,1.18418154203878e-05,3.0
1.0235593220338985,1.13564632369818e-05,3.0
1.0742372881355933,1.092609360591467e-05,3.0
1.1249152542372882,1.055044440956337e-05,3.0
1.1755932203389832,1.0223457889192178e-05,3.0
1.2262711864406781,9.936754366300169e-06,3.0
1.276949152542373,9.68291220414854e-06,3.0
1.327627118644068,9.45577971275618e-06,3.0
1.378305084745763,9.250387190650326e-06,3.0
1.4289830508474577,9.063043394569564e-06,3.0
1.4796610169491526,8.890864253874266e-06,3.0
1.5303389830508476,8.731510262223003e-06,3.0
1.5810169491525425,8.582908580554704e-06,3.0
1.6316949152542375,8.443206359004197e-06,3.0
1.6823728813559324,8.310930361093053e-06,3.0
1.7330508474576274,8.184886629468093e-06,3.0
1.7837288135593223,8.064166199945429e-06,3.0
1.8344067796610173,7.94824120129624e-06,3.0
1.885084745762712,7.836821393400947e-06,3.0
1.935762711864407,7.72966532994965e-06,3.0
1.986440677966102,7.626609219156993e-06,3.0
2.037118644067797,7.527502825916863e-06,3.0
2.0877966101694914,7.4322520721868e-06,3.0
2.1384745762711863,7.34077778337995e-06,3.0
2.1891525423728813,7.253012882994617e-06,3.0
2.239830508474576,7.168879944544021e-06,3.0
2.290508474576271,7.088282852645533e-06,3.0
2.341186440677966,7.011130741045323e-06,3.0
2.391864406779661,6.937322274544296e-06,3.0
2.442542372881356,6.8667590808882265e-06,3.0
2.493220338983051,6.799330271972717e-06,3.0
2.543898305084746,6.73492496152272e-06,3.0
2.594576271186441,6.67339512409711e-06,3.0
2.645254237288136,6.614558834958443e-06,3.0
2.6959322033898308,6.558247258041817e-06,3.0
2.7466101694915257,6.504295814686047e-06,3.0
2.7972881355932206,6.452565821534953e-06,3.0
2.847966101694915,6.40293431647719e-06,3.0
2.89864406779661,6.35529326679358e-06,3.0
2.949322033898305,6.3095443656781865e-06,3.0
3.0,6.265597723192416e-06,3.0
0.01,3.520802600564794e-05,3.2
0.06067796610169492,3.480174921319459e-05,3.2
0.11135593220338984,3.3401906187400435e-05,3.2
0.16203389830508477,3.1471384021729933e-05,3.2
0.2127118644067797,2.9296297656398565e-05,3.2
0.26338983050847464,2.7092008023076335e-05,3.2
0.31406779661016954,2.499565678013742e-05,3.2
0.36474576271186443,2.308035128773518e-05,3.2
0.4154237288135594,2.1394593755539326e-05,3.2
0.4661016949152543,1.9947931047400947e-05,3.2
0.5167796610169493,1.8696253997159916e-05,3.2
0.5674576271186441,1.7577046298373333e-05,3.2
0.6181355932203391,1.6578574456658525e-05,3.2
0.668813559322034,1.5703771248258724e-05,3.2
0.7194915254237289,1.4937204444607175e-05,3.2
0.7701694915254238,1.4247441669265317e-05,3.2
0.8208474576271187,1.36086976007572e-05,3.2
0.8715254237288137,1.3002266481606228e-05,3.2
0.9222033898305086,1.242627464799676e-05,3.2
0.9728813559322035,1.1891043927766293e-05,3.2
1.0235593220338985,1.1404761704618738e-05,3.2
1.0742372881355933,1.0970503155388451e-05,3.2
1.1249152542372882,1.0588952354325856e-05,3.2
1.1755932203389832,1.0256281294836189e-05,3.2
1.2262711864406781,9.964772458540678e-06,3.2
1.276949152542373,9.706975160474373e-06,3.2
1.327627118644068,9.47655801808304e-06,3.2
1.378305084745763,9.268360949859105e-06,3.2
1.4289830508474577,9.078508775785055e-06,3.2
1.4796610169491526,8.904053104922244e-06,3.2
1.5303389830508476,8.74265041496728e-06,3.2
1.5810169491525425,8.592324972919864e-06,3.2
1.6316949152542375,8.45126695290314e-06,3.2
1.6823728813559324,8.317949156186697e-06,3.2
1.7330508474576274,8.191149666396806e-06,3.2
1.7837288135593223,8.06989025577055e-06,3.2
1.8344067796610173,7.953545274537772e-06,3.2
1.885084745762712,7.841776657445736e-06,3.2
1.935762711864407,7.734340135668687e-06,3.2
1.986440677966102,7.63103926431526e-06,3.2
2.037118644067797,7.531720342849104e-06,3.2
2.0877966101694914,7.436270958762935e-06,3.2
2.1384745762711863,7.344612401923906e-06,3.2
2.1891525423728813,7.256662704682153e-06,3.2
2.239830508474576,7.1723475330859004e-06,3.2
2.290508474576271,7.091568016828406e-06,3.2
2.341186440677966,7.014229865660706e-06,3.2
2.391864406779661,6.940231132035037e-06,3.2
2.442542372881356,6.869464562471234e-06,3.2
2.493220338983051,6.801822888778546e-06,3.2
2.543898305084746,6.737200261400494e-06,3.2
2.594576271186441,6.675457745970378e-06,3.2
2.645254237288136,6.616420291855194e-06,3.2
2.6959322033898308,6.559921758753675e-06,3.2
2.7466101694915257,6.505801857692218e-06,3.2
2.7972881355932206,6.4539237441098465e-06,3.2
2.847966101694915,6.40416417127155e-06,3.2
2.89864406779661,6.356413286892499e-06,3.2
2.949322033898305,6.310570187744397e-06,3.2
3.0,6.266543453768884e-06,3.2
0.01,3.520649178848668e-05,3.4
0.06067796610169492,3.4799754425652826e-05,3.4
0.11135593220338984,3.3419321039241855e-05,3.4
0.16203389830508477,3.1508866852118234e-05,3.4
0.2127118644067797,2.937604178462858e-05,3.4
0.26338983050847464,2.7216785388366245e-05,3.4
0.31406779661016954,2.5131646095634933e-05,3.4
0.36474576271186443,2.321823587759763e-05,3.4
0.4154237288135594,2.153185582360905e-05,3.4
0.4661016949152543,2.008124806619361e-05,3.4
0.5167796610169493,1.882153653060485e-05,3.4
0.5674576271186441,1.7689842610013233e-05,3.4
0.6181355932203391,1.6669022671841275e-05,3.4
0.668813559322034,1.576765511368603e-05,3.4
0.7194915254237289,1.498090768768072e-05,3.4
0.7701694915254238,1.4281916197392982e-05,3.4
0.8208474576271187,1.3642975513555549e-05,3.4
0.8715254237288137,1.3043518630048125e-05,3.4
0.9222033898305086,1.2474082953774419e-05,3.4
0.9728813559322035,1.194163821386585e-05,3.4
1.0235593220338985,1.1454681205371685e-05,3.4
1.0742372881355933,1.1017222370391477e-05,3.4
1.1249152542372882,1.0630107039188062e-05,3.4
1.1755932203389832,1.0291485715926872e-05,3.4
1.2262711864406781,9.994818154406753e-06,3.4
1.276949152542373,9.732721776952458e-06,3.4
1.327627118644068,9.498738556747026e-06,3.4
1.378305084745763,9.287543690950079e-06,3.4
1.4289830508474577,9.09506463620605e-06,3.4
1.4796610169491526,8.918256999422694e-06,3.4
1.5303389830508476,8.75474566342425e-06,3.4
1.5810169491525425,8.602583823906027e-06,3.4
1.6316949152542375,8.460049178953065e-06,3.4
1.6823728813559324,8.32558524491395e-06,3.4
1.7330508474576274,8.197932945504379e-06,3.4
1.7837288135593223,8.076063655722919e-06,3.4
1.8344067796610173,7.959257023825503e-06,3.4
1.885084745762712,7.847106252176441e-06,3.4
1.935762711864407,7.739351285251357e-06,3.4
1.986440677966102,7.635776982772994e-06,3.4
2.037118644067797,7.536222897118882e-06,3.4
2.0877966101694914,7.440561658561864e-06,3.4
2.1384745762711863,7.3487018991600975e-06,3.4
2.1891525423728813,7.2605565613185385e-06,3.4
2.239830508474576,7.176046288784612e-06,3.4
2.290508474576271,7.0950769016059504e-06,3.4
2.341186440677966,7.017539048959829e-06,3.4
2.391864406779661,6.943344265745468e-06,3.4
2.442542372881356,6.872372645333527e-06,3.4
2.493220338983051,6.804516735872368e-06,3.4
2.543898305084746,6.7396731467923415e-06,3.4
2.594576271186441,6.677713128638721e-06,3.4
2.645254237288136,6.618468929877756e-06,3.4
2.6959322033898308,6.5617777307117625e-06,3.4
2.7466101694915257,6.5074846251913265e-06,3.4
2.7972881355932206,6.455453676423042e-06,3.4
2.847966101694915,6.405560952634259e-06,3.4
2.89864406779661,6.357694548614368e-06,3.4
2.949322033898305,6.3117514594625465e-06,3.4
3.0,6.267638267797048e-06,3.4
0.01,3.520488514999994e-05,3.6
0.06067796610169492,3.4797627564077974e-05,3.6
0.11135593220338984,3.34367891641295e-05,3.6
0.16203389830508477,3.1548130984807084e-05,3.6
0.2127118644067797,2.9455460441821333e-05,3.6
0.26338983050847464,2.734170745181721e-05,3.6
0.31406779661016954,2.5273462295805505e-05,3.6
0.36474576271186443,2.3363543657152262e-05,3.6
0.4154237288135594,2.1676443330923486e-05,3.6
0.4661016949152543,2.021986730804949e-05,3.6
0.5167796610169493,1.8949745692288826e-05,3.6
0.5674576271186441,1.7806574680179856e-05,3.6
0.6181355932203391,1.6767126371163724e-05,3.6
0.668813559322034,1.5841593113406902e-05,3.6
0.7194915254237289,1.5033293017619972e-05,3.6
0.7701694915254238,1.432259298177641e-05,3.6
0.8208474576271187,1.3680618535784335e-05,3.6
0.8715254237288137,1.3085639725143053e-05,3.6
0.9222033898305086,1.2522640142932887e-05,3.6
0.9728813559322035,1.1993434222919799e-05,3.6
1.0235593220338985,1.150615972589522e-05,3.6
1.0742372881355933,1.1065935274772486e-05,3.6
1.1249152542372882,1.0673809354188322e-05,3.6
1.1755932203389832,1.0329103827791788e-05,3.6
1.2262711864406781,1.0026951826928415e-05,3.6
1.276949152542373,9.760227903676415e-06,3.6
1.327627118644068,9.522380249457247e-06,3.6
1.378305084745763,9.307970806399502e-06,3.6
1.4289830508474577,9.11272878516956e-06,3.6
1.4796610169491526,8.933485063628584e-06,3.6
1.5303389830508476,8.76780642434287e-06,3.6
1.5810169491525425,8.613722702897901e-06,3.6
1.6316949152542375,8.469592076588938e-06,3.6
1.6823728813559324,8.333878608389447e-06,3.6
1.7330508474576274,8.205269896372716e-06,3.6
1.7837288135593223,8.082705893994006e-06,3.6
1.8344067796610173,7.965383865755081e-06,3.6
1.885084745762712,7.85281451381838e-06,3.6
1.935762711864407,7.744709097652872e-06,3.6
1.986440677966102,7.640832157340433e-06,3.6
2.037118644067797,7.5410147742957415e-06,3.6
2.0877966101694914,7.445121984809831e-06,3.6
2.1384745762711863,7.353045697775778e-06,3.6
2.1891525423728813,7.264692531955852e-06,3.6
2.239830508474576,7.179975182083156e-06,3.6
2.290508474576271,7.098803395649972e-06,3.6
2.341186440677966,7.021062398549814e-06,3.6
2.391864406779661,6.946662300092844e-06,3.6
2.442542372881356,6.875480257232308e-06,3.6
2.493220338983051,6.80740807235698e-06,3.6
2.543898305084746,6.742343086033613e-06,3.6
2.594576271186441,6.680158532183186e-06,3.6
2.645254237288136,6.620701671082558e-06,3.6
2.6959322033898308,6.563812301998172e-06,3.6
2.7466101694915257,6.509341028113997e-06,3.6
2.7972881355932206,6.457151505566955e-06,3.6
2.847966101694915,6.40712003477317e-06,3.6
2.89864406779661,6.3591321349764356e-06,3.6
2.949322033898305,6.3130834054926475e-06,3.6
3.0,6.268876643444681e-06,3.6
0.01,3.5203211758487395e-05,3.8
0.06067796610169492,3.4795378210000707e-05,3.8
0.11135593220338984,3.3454201221949946e-05,3.8
0.16203389830508477,3.158897630227179e-05,3.8
0.2127118644067797,2.9534743382045762e-05,3.8
0.26338983050847464,2.7465368377300762e-05,3.8
0.31406779661016954,2.5420026590183743e-05,3.8
0.36474576271186443,2.351574636947097e-05,3.8
0.4154237288135594,2.1827942444126916e-05,3.8
0.4661016949152543,2.0363994235094063e-05,3.8
0.5167796610169493,1.9081606191949453e-05,3.8
0.5674576271186441,1.7926724293997795e-05,3.8
0.6181355932203391,1.6872023085460146e-05,3.8
0.668813559322034,1.5925151491273204e-05,3.8
0.7194915254237289,1.5094924177588397e-05,3.8
0.7701694915254238,1.437000502659428e-05,3.8
0.8208474576271187,1.3722492500807157e-05,3.8
0.8715254237288137,1.3129072623282697e-05,3.8
0.9222033898305086,1.2571843332075923e-05,3.8
0.9728813559322035,1.2046245239276314e-05,3.8
1.0235593220338985,1.1559119747964287e-05,3.8
1.0742372881355933,1.1116383214901774e-05,3.8
1.1249152542372882,1.0719848089849005e-05,3.8
1.1755932203389832,1.0369146240784416e-05,3.8
1.2262711864406781,1.0061222242945497e-05,3.8
1.276949152542373,9.78953756510592e-06,3.8
1.327627118644068,9.547539147973679e-06,3.8
1.378305084745763,9.329676777531957e-06,3.8
1.4289830508474577,9.131529987317724e-06,3.8
1.4796610169491526,8.949752504346257e-06,3.8
1.5303389830508476,8.781834673571392e-06,3.8
1.5810169491525425,8.625778298883014e-06,3.8
1.6316949152542375,8.479937156826078e-06,3.8
1.6823728813559324,8.342856484866903e-06,3.8
1.7330508474576274,8.21319379790245e-06,3.8
1.7837288135593223,8.08984587117854e-06,3.8
1.8344067796610173,7.971945184860892e-06,3.8
1.885084745762712,7.858916796141682e-06,3.8
1.935762711864407,7.750424930467853e-06,3.8
1.986440677966102,7.646213212729159e-06,3.8
2.037118644067797,7.546103068710732e-06,3.8
2.0877966101694914,7.449953686834813e-06,3.8
2.1384745762711863,7.357644569800751e-06,3.8
2.1891525423728813,7.26907074501659e-06,3.8
2.239830508474576,7.18413644788194e-06,3.8
2.290508474576271,7.102751185339953e-06,3.8
2.341186440677966,7.024798008566635e-06,3.8
2.391864406779661,6.9501846218352185e-06,3.8
2.442542372881356,6.878786881880345e-06,3.8
2.493220338983051,6.810494830202187e-06,3.8
2.543898305084746,6.7452046792441004e-06,3.8
2.594576271186441,6.68279191342655e-06,3.8
2.645254237288136,6.623116607383119e-06,3.8
2.6959322033898308,6.566023809987063e-06,3.8
2.7466101694915257,6.511368539620006e-06,3.8
2.7972881355932206,6.459015022195093e-06,3.8
2.847966101694915,6.408838596840758e-06,3.8
2.89864406779661,6.360722755293661e-06,3.8
2.949322033898305,6.3145613437985265e-06,3.8
3.0,6.270254781019795e-06,3.8
0.01,3.5201482908868476e-05,4.0
0.06067796610169492,3.479301654983185e-05,4.0
0.11135593220338984,3.347147609737285e-05,4.0
0.16203389830508477,3.163119412419925e-05,4.0
0.2127118644067797,2.961401309895025e-05,4.0
0.26338983050847464,2.7586696842496676e-05,4.0
0.31406779661016954,2.5570041229886825e-05,4.0
0.36474576271186443,2.3674233072737228e-05,4.0
0.4154237288135594,2.1985854458620775e-05,4.0
0.4661016949152543,2.0513734036263245e-05,4.0
0.5167796610169493,1.921774620817661e-05,4.0
0.5674576271186441,1.80502300708953e-05,4.0
0.6181355932203391,1.6983027607544028e-05,4.0
0.668813559322034,1.6017710039803357e-05,4.0
0.7194915254237289,1.5166246387772227e-05,4.0
0.7701694915254238,1.4424751824035785e-05,4.0
0.8208474576271187,1.3769266069312583e-05,4.0
0.8715254237288137,1.3174620790490964e-05,4.0
0.9222033898305086,1.2621659877765885e-05,4.0
0.9728813559322035,1.209990001568887e-05,4.0
1.0235593220338985,1.1613435725144398e-05,4.0
1.0742372881355933,1.1168475286969055e-05,4.0
1.1249152542372882,1.0767952762795893e-05,4.0
1.1755932203389832,1.0411589947933642e-05,4.0
1.2262711864406781,1.009767265286123e-05,4.0
1.276949152542373,9.820719267080067e-06,4.0
1.327627118644068,9.574275551494986e-06,4.0
1.378305084745763,9.352722986851798e-06,4.0
1.4289830508474577,9.151499303355766e-06,4.0
1.4796610169491526,8.967077660523134e-06,4.0
1.5303389830508476,8.79684569902029e-06,4.0
1.5810169491525425,8.638755147900358e-06,4.0
1.6316949152542375,8.49112977739385e-06,4.0
1.6823728813559324,8.352560090796315e-06,4.0
1.7330508474576274,8.221738091629106e-06,4.0
1.7837288135593223,8.097506039067995e-06,4.0
1.8344067796610173,7.97896305378217e-06,4.0
1.885084745762712,7.865425284040638e-06,4.0
1.935762711864407,7.756508546658298e-06,4.0
1.986440677966102,7.651927848347892e-06,4.0
2.037118644067797,7.551495663462728e-06,4.0
2.0877966101694914,7.455060745188145e-06,4.0
2.1384745762711863,7.36250052905453e-06,4.0
2.1891525423728813,7.2736924938548e-06,4.0
2.239830508474576,7.1885305245518725e-06,4.0
2.290508474576271,7.106921052633722e-06,4.0
2.341186440677966,7.028746769780582e-06,4.0
2.391864406779661,6.95391227367767e-06,4.0
2.442542372881356,6.882292857708118e-06,4.0
2.493220338983051,6.813776147900275e-06,4.0
2.543898305084746,6.748258445019373e-06,4.0
2.594576271186441,6.685612242357578e-06,4.0
2.645254237288136,6.625712739753747e-06,4.0
2.6959322033898308,6.56841082961032e-06,4.0
2.7466101694915257,6.513565567952383e-06,4.0
2.7972881355932206,6.46104181633995e-06,4.0
2.847966101694915,6.410713957241525e-06,4.0
2.89864406779661,6.362463797359488e-06,4.0
2.949322033898305,6.316183139156895e-06,4.0
3.0,6.271770879670535e-06,4.0
0.01,3.519970436919862e-05,4.2
0.06067796610169492,3.4790554216116e-05,4.2
0.11135593220338984,3.348858700893093e-05,4.2
0.16203389830508477,3.167457375612584e-05,4.2
0.2127118644067797,2.9693330973357355e-05,4.2
0.26338983050847464,2.7705533439346023e-05,4.2
0.31406779661016954,2.5722038196454072e-05,4.2
0.36474576271186443,2.383821712006631e-05,4.2
0.4154237288135594,2.2149655209244195e-05,4.2
0.4661016949152543,2.066908490417545e-05,4.2
0.5167796610169493,1.9358681507396577e-05,4.2
0.5674576271186441,1.8177655824325895e-05,4.2
0.6181355932203391,1.7099421660195306e-05,4.2
0.668813559322034,1.611845213049037e-05,4.2
0.7194915254237289,1.524724191501684e-05,4.2
0.7701694915254238,1.4487433499896296e-05,4.2
0.8208474576271187,1.3821464323708011e-05,4.2
0.8715254237288137,1.322312838797499e-05,4.2
0.9222033898305086,1.2672212188367064e-05,4.2
0.9728813559322035,1.2154267439256758e-05,4.2
1.0235593220338985,1.1668939754162469e-05,4.2
1.0742372881355933,1.1222167195713902e-05,4.2
1.1249152542372882,1.0817872093390561e-05,4.2
1.1755932203389832,1.045633247507285e-05,4.2
1.2262711864406781,1.0136333163648409e-05,4.2
1.276949152542373,9.85382870489995e-06,4.2
1.327627118644068,9.602654157618916e-06,4.2
1.378305084745763,9.377166229629623e-06,4.2
1.4289830508474577,9.172670421933993e-06,4.2
1.4796610169491526,8.985479796363414e-06,4.2
1.5303389830508476,8.812850685013503e-06,4.2
1.5810169491525425,8.652655943187205e-06,4.2
1.6316949152542375,8.503188434684741e-06,4.2
1.6823728813559324,8.363031808893077e-06,4.2
1.7330508474576274,8.23093801512223e-06,4.2
1.7837288135593223,8.105731846666635e-06,4.2
1.8344067796610173,7.986456747743007e-06,4.2
1.885084745762712,7.872354956346356e-06,4.2
1.935762711864407,7.762969900871002e-06,4.2
1.986440677966102,7.65798464409964e-06,4.2
2.037118644067797,7.557200795362295e-06,4.2
2.0877966101694914,7.460457728310936e-06,4.2
2.1384745762711863,7.367619113099636e-06,4.2
2.1891525423728813,7.278560167337188e-06,4.2
2.239830508474576,7.193159060209081e-06,4.2
2.290508474576271,7.11131429089004e-06,4.2
2.341186440677966,7.032909850489176e-06,4.2
2.391864406779661,6.957846015828626e-06,4.2
2.442542372881356,6.88599563961114e-06,4.2
2.493220338983051,6.8172510951002905e-06,4.2
2.543898305084746,6.7515011233798354e-06,4.2
2.594576271186441,6.6886192156861405e-06,4.2
2.645254237288136,6.628489443764559e-06,4.2
2.6959322033898308,6.570972817137278e-06,4.2
2.7466101694915257,6.515931446759288e-06,4.2
2.7972881355932206,6.463231013991678e-06,4.2
2.847966101694915,6.412744503625468e-06,4.2
2.89864406779661,6.364353558616419e-06,4.2
2.949322033898305,6.317946488278338e-06,4.2
3.0,6.273421930065695e-06,4.2
0.01,3.5197871140911837e-05,4.4
0.06067796610169492,3.4788002121826884e-05,4.4
0.11135593220338984,3.350552472280445e-05,4.4
0.16203389830508477,3.171889815353529e-05,4.4
0.2127118644067797,2.9772708218896064e-05,4.4
0.26338983050847464,2.782222356458034e-05,4.4
0.31406779661016954,2.5874446053943178e-05,4.4
0.36474576271186443,2.400673622229552e-05,4.4
0.4154237288135594,2.2318874787381112e-05,4.4
0.4661016949152543,2.082992871293164e-05,4.4
0.5167796610169493,1.9504820067297023e-05,4.4
0.5674576271186441,1.830959998840995e-05,4.4
0.6181355932203391,1.7220510296682712e-05,4.4
0.668813559322034,1.622652415082938e-05,4.4
0.7194915254237289,1.5337447746617945e-05,4.4
0.7701694915254238,1.4558616921544381e-05,4.4
0.8208474576271187,1.3879648314328185e-05,4.4
0.8715254237288137,1.327534514349363e-05,4.4
0.9222033898305086,1.2723963795565237e-05,4.4
0.9728813559322035,1.2209247815116726e-05,4.4
1.0235593220338985,1.1725459820207481e-05,4.4
1.0742372881355933,1.1277366307018972e-05,4.4
1.1249152542372882,1.0869510362765726e-05,4.4
1.1755932203389832,1.0503167357056952e-05,4.4
1.2262711864406781,1.0177211500467662e-05,4.4
1.276949152542373,9.888916015015178e-06,4.4
1.327627118644068,9.63273667373109e-06,4.4
1.378305084745763,9.403054160440992e-06,4.4
1.4289830508474577,9.195087735620993e-06,4.4
1.4796610169491526,9.004990842969827e-06,4.4
1.5303389830508476,8.829863145893909e-06,4.4
1.5810169491525425,8.667494182275713e-06,4.4
1.6316949152542375,8.516122973159975e-06,4.4
1.6823728813559324,8.374307579956445e-06,4.4
1.7330508474576274,8.240831076680352e-06,4.4
1.7837288135593223,8.114544342686991e-06,4.4
1.8344067796610173,7.994448113817935e-06,4.4
1.885084745762712,7.87972140672291e-06,4.4
1.935762711864407,7.769819925314265e-06,4.4
1.986440677966102,7.664393885540718e-06,4.4
2.037118644067797,7.563227539167668e-06,4.4
2.0877966101694914,7.466147113618681e-06,4.4
2.1384745762711863,7.373007455891393e-06,4.4
2.1891525423728813,7.283677134668304e-06,4.4
2.239830508474576,7.198023461948941e-06,4.4
2.290508474576271,7.115932939425966e-06,4.4
2.341186440677966,7.037288841797038e-06,4.4
2.391864406779661,6.961987181097396e-06,4.4
2.442542372881356,6.889901645527831e-06,4.4
2.493220338983051,6.820921339900966e-06,4.4
2.543898305084746,6.75493375106306e-06,4.4
2.594576271186441,6.691812812711606e-06,4.4
2.645254237288136,6.631447063436423e-06,4.4
2.6959322033898308,6.5737095737925265e-06,4.4
2.7466101694915257,6.5184657289542975e-06,4.4
2.7972881355932206,6.465582029639984e-06,4.4
2.847966101694915,6.414930301942008e-06,4.4
2.89864406779661,6.366391008036893e-06,4.4
2.949322033898305,6.319851142682882e-06,4.4
3.0,6.275207135477561e-06,4.4
0.01,3.5195975072509976e-05,4.6
0.06067796610169492,3.478537112652785e-05,4.6
0.11135593220338984,3.3522278084999935e-05,4.6
0.16203389830508477,3.176394615130661e-05,4.6
0.2127118644067797,2.9852114197133047e-05,4.6
0.26338983050847464,2.7937063999690066e-05,4.6
0.31406779661016954,2.602571306311174e-05,4.6
0.36474576271186443,2.4178642045320024e-05,4.6
0.4154237288135594,2.2493105052316326e-05,4.6
0.4661016949152543,2.0996045533685533e-05,4.6
0.5167796610169493,1.965644866697682e-05,4.6
0.5674576271186441,1.8446569133575587e-05,4.6
0.6181355932203391,1.7345966307594794e-05,4.6
0.668813559322034,1.6341207728146982e-05,4.6
0.7194915254237289,1.5436227685777393e-05,4.6
0.7701694915254238,1.4638730033156112e-05,4.6
0.8208474576271187,1.3944421305433993e-05,4.6
0.8715254237288137,1.3331819241721035e-05,4.6
0.9222033898305086,1.2777683027608312e-05,4.6
0.9728813559322035,1.226483445600982e-05,4.6
1.0235593220338985,1.1782848324018735e-05,4.6
1.0742372881355933,1.1333932397704577e-05,4.6
1.1249152542372882,1.09228321183899e-05,4.6
1.1755932203389832,1.0551872806657085e-05,4.6
1.2262711864406781,1.0220276263172292e-05,4.6
1.276949152542373,9.926024000024224e-06,4.6
1.327627118644068,9.664582578757809e-06,4.6
1.378305084745763,9.43045378820976e-06,4.6
1.4289830508474577,9.218799391121668e-06,4.6
1.4796610169491526,9.025641337937067e-06,4.6
1.5303389830508476,8.847907992721397e-06,4.6
1.5810169491525425,8.683281595642098e-06,4.6
1.6316949152542375,8.529940838786398e-06,4.6
1.6823728813559324,8.38640831438254e-06,4.6
1.7330508474576274,8.251455091658413e-06,4.6
1.7837288135593223,8.123981960594641e-06,4.6
1.8344067796610173,8.002967425507226e-06,4.6
1.885084745762712,7.887541296433907e-06,4.6
1.935762711864407,7.777071566916278e-06,4.6
1.986440677966102,7.67116609194648e-06,4.6
2.037118644067797,7.569585374355746e-06,4.6
2.0877966101694914,7.472139829849595e-06,4.6
2.1384745762711863,7.3786742267970585e-06,4.6
2.1891525423728813,7.289049437479384e-06,4.6
2.239830508474576,7.203126812639736e-06,4.6
2.290508474576271,7.1207793407342654e-06,4.6
2.341186440677966,7.0418854055178655e-06,4.6
2.391864406779661,6.9663372962958266e-06,4.6
2.442542372881356,6.8940079277039895e-06,4.6
2.493220338983051,6.824788594939205e-06,4.6
2.543898305084746,6.758555630361142e-06,4.6
2.594576271186441,6.695192297206085e-06,4.6
2.645254237288136,6.634585909897095e-06,4.6
2.6959322033898308,6.576621608566583e-06,4.6
2.7466101694915257,6.521168550933018e-06,4.6
2.7972881355932206,6.468094330112957e-06,4.6
2.847966101694915,6.417270385321513e-06,4.6
2.89864406779661,6.368575446205863e-06,4.6
2.949322033898305,6.321895954957792e-06,4.6
3.0,6.277125261338726e-06,4.6
0.01,3.519400893137225e-05,4.8
0.06067796610169492,3.478267343999973e-05,4.8
0.11135593220338984,3.353882996055646e-05,4.8
0.16203389830508477,3.1809497374006564e-05,4.8
0.2127118644067797,2.9931485564449148e-05,4.8
0.26338983050847464,2.8050299946076522e-05,4.8
0.31406779661016954,2.6174555691279982e-05,4.8
0.36474576271186443,2.4352622066921313e-05,4.8
0.4154237288135594,2.2671806635512522e-05,4.8
0.4661016949152543,2.116716517578348e-05,4.8
0.5167796610169493,1.9813718203079614e-05,4.8
0.5674576271186441,1.85889653966235e-05,4.8
0.6181355932203391,1.747610822026404e-05,4.8
0.668813559322034,1.6461702627589903e-05,4.8
0.7194915254237289,1.554279240939574e-05,4.8
0.7701694915254238,1.4727727172672877e-05,4.8
0.8208474576271187,1.4016373982446297e-05,4.8
0.8715254237288137,1.3393090413274527e-05,4.8
0.9222033898305086,1.2834140957170738e-05,4.8
0.9728813559322035,1.2321182447633178e-05,4.8
1.0235593220338985,1.1840983001980789e-05,4.8
1.0742372881355933,1.1391704062077258e-05,4.8
1.1249152542372882,1.0977778741240245e-05,4.8
1.1755932203389832,1.0602348048701679e-05,4.8
1.2262711864406781,1.026542167489271e-05,4.8
1.276949152542373,9.965177760494692e-06,4.8
1.327627118644068,9.698243838572652e-06,4.8
1.378305084745763,9.459426507701315e-06,4.8
1.4289830508474577,9.24385925744362e-06,4.8
1.4796610169491526,9.047467173473516e-06,4.8
1.5303389830508476,8.867005711141392e-06,4.8
1.5810169491525425,8.700032549141645e-06,4.8
1.6316949152542375,8.54465342463023e-06,4.8
1.6823728813559324,8.399342177142832e-06,4.8
1.7330508474576274,8.262843824586902e-06,4.8
1.7837288135593223,8.134078216905324e-06,4.8
1.8344067796610173,8.012044616732477e-06,4.8
1.885084745762712,7.89583395101977e-06,4.8
1.935762711864407,7.784739259368294e-06,4.8
1.986440677966102,7.678313127568515e-06,4.8
2.037118644067797,7.576284635427631e-06,4.8
2.0877966101694914,7.478445287115392e-06,4.8
2.1384745762711863,7.3846283844831e-06,4.8
2.1891525423728813,7.294685256507676e-06,4.8
2.239830508474576,7.208473936662242e-06,4.8
2.290508474576271,7.125856291538351e-06,4.8
2.341186440677966,7.046704485971253e-06,4.8
2.391864406779661,6.970897403776834e-06,4.8
2.442542372881356,6.898316643882075e-06,4.8
2.493220338983051,6.828849005771224e-06,4.8
2.543898305084746,6.762367170851961e-06,4.8
2.594576271186441,6.698756942544248e-06,4.8
2.645254237288136,6.637906695976387e-06,4.8
2.6959322033898308,6.579709266951924e-06,4.8
2.7466101694915257,6.524040010976467e-06,4.8
2.7972881355932206,6.470768125283902e-06,4.8
2.847966101694915,6.419764843210697e-06,4.8
2.89864406779661,6.370907326925356e-06,4.8
2.949322033898305,6.324080577100909e-06,4.8
3.0,6.279176872570842e-06,4.8
0.01,3.51919664246997e-05,5.0
0.06067796610169492,3.4779919960463284e-05,5.0
0.11135593220338984,3.355515726462046e-05,5.0
0.16203389830508477,3.185533047636408e-05,5.0
0.2127118644067797,3.001073161417434e-05,5.0
0.26338983050847464,2.816212378340306e-05,5.0
0.31406779661016954,2.632045041235458e-05,5.0
0.36474576271186443,2.452723959948764e-05,5.0
0.4154237288135594,2.285426181982268e-05,5.0
0.4661016949152543,2.134298765150502e-05,5.0
0.5167796610169493,1.997662396871133e-05,5.0
0.5674576271186441,1.8737090703189283e-05,5.0
0.6181355932203391,1.761136173217637e-05,5.0
0.668813559322034,1.6587252081890358e-05,5.0
0.7194915254237289,1.5656448176057227e-05,5.0
0.7701694915254238,1.4825166264318297e-05,5.0
0.8208474576271187,1.4096067099136472e-05,5.0
0.8715254237288137,1.3459748381512883e-05,5.0
0.9222033898305086,1.2893927151347365e-05,5.0
0.9728813559322035,1.2378783981117496e-05,5.0
1.0235593220338985,1.1899787038325385e-05,5.0
1.0742372881355933,1.1450526948944634e-05,5.0
1.1249152542372882,1.103425251128942e-05,5.0
1.1755932203389832,1.0654574965460092e-05,5.0
1.2262711864406781,1.031246478697011e-05,5.0
1.276949152542373,1.0006387606358678e-05,5.0
1.327627118644068,9.73376832832476e-06,5.0
1.378305084745763,9.490029477697114e-06,5.0
1.4289830508474577,9.270324410502565e-06,5.0
1.4796610169491526,9.070507779522888e-06,5.0
1.5303389830508476,8.887185130474454e-06,5.0
1.5810169491525425,8.717764738971465e-06,5.0
1.6316949152542375,8.56026976042194e-06,5.0
1.6823728813559324,8.41311726730721e-06,5.0
1.7330508474576274,8.275015513613995e-06,5.0
1.7837288135593223,8.144868420929015e-06,5.0
1.8344067796610173,8.021711066918386e-06,5.0
1.885084745762712,7.904622283724334e-06,5.0
1.935762711864407,7.792839310127688e-06,5.0
1.986440677966102,7.68584965320651e-06,5.0
2.037118644067797,7.583336461662153e-06,5.0
2.0877966101694914,7.485073494673613e-06,5.0
2.1384745762711863,7.390879003141108e-06,5.0
2.1891525423728813,7.300594080867758e-06,5.0
2.239830508474576,7.214072234314512e-06,5.0
2.290508474576271,7.131167265461117e-06,5.0
2.341186440677966,7.0517424631893535e-06,5.0
2.391864406779661,6.975668085414957e-06,5.0
2.442542372881356,6.902830021449431e-06,5.0
2.493220338983051,6.83310573981217e-06,5.0
2.543898305084746,6.7663691250037065e-06,5.0
2.594576271186441,6.7025077587155075e-06,5.0
2.645254237288136,6.64140977113957e-06,5.0
2.6959322033898308,6.5829735022310495e-06,5.0
2.7466101694915257,6.527080790810394e-06,5.0
2.7972881355932206,6.4736039428357685e-06,5.0
2.847966101694915,6.42241411051989e-06,5.0
2.89864406779661,6.373386436471797e-06,5.0
2.949322033898305,6.3264051535783165e-06,5.0
3.0,6.281361348009137e-06,5.0
0.01,3.5189841385998096e-05,5.2
0.06067796610169492,3.477712023051704e-05,5.2
0.11135593220338984,3.3571232697873056e-05,5.2
0.16203389830508477,3.190122690426202e-05,5.2
0.2127118644067797,3.0089739855746383e-05,5.2
0.26338983050847464,2.827265430588588e-05,5.2
0.31406779661016954,2.6463594047218847e-05,5.2
0.36474576271186443,2.4701011881982692e-05,5.2
0.4154237288135594,2.3039597493005766e-05,5.2
0.4661016949152543,2.152326831845354e-05,5.2
0.5167796610169493,2.0145017225167962e-05,5.2
0.5674576271186441,1.8891135927723344e-05,5.2
0.6181355932203391,1.7752081038882912e-05,5.2
0.668813559322034,1.6717465305034943e-05,5.2
0.7194915254237289,1.5776520893315815e-05,5.2
0.7701694915254238,1.493043568302643e-05,5.2
0.8208474576271187,1.4183892514338925e-05,5.2
0.8715254237288137,1.3532400445219827e-05,5.2
0.9222033898305086,1.295756744810208e-05,5.2
0.9728813559322035,1.2438368472521243e-05,5.2
1.0235593220338985,1.1959280125647952e-05,5.2
1.0742372881355933,1.1510272232844362e-05,5.2
1.1249152542372882,1.1092118909565479e-05,5.2
1.1755932203389832,1.0708519017730266e-05,5.2
1.2262711864406781,1.0361309758355248e-05,5.2
1.276949152542373,1.0049609335542133e-05,5.2
1.327627118644068,9.771190860145129e-06,5.2
1.378305084745763,9.5223103018148e-06,5.2
1.4289830508474577,9.29825138803469e-06,5.2
1.4796610169491526,9.094808361544509e-06,5.2
1.5303389830508476,8.908475869250023e-06,5.2
1.5810169491525425,8.736501821395218e-06,5.2
1.6316949152542375,8.576806500626445e-06,5.2
1.6823728813559324,8.427743754860206e-06,5.2
1.7330508474576274,8.287977932337618e-06,5.2
1.7837288135593223,8.156382825258376e-06,5.2
1.8344067796610173,8.031998460889256e-06,5.2
1.885084745762712,7.913934827965496e-06,5.2
1.935762711864407,7.801395426973768e-06,5.2
1.986440677966102,7.693790551357937e-06,5.2
2.037118644067797,7.590753404626501e-06,5.2
2.0877966101694914,7.492035116025188e-06,5.2
2.1384745762711863,7.397435643568441e-06,5.2
2.1891525423728813,7.3067849468393905e-06,5.2
2.239830508474576,7.219930297871441e-06,5.2
2.290508474576271,7.136717046934554e-06,5.2
2.341186440677966,7.05700663385147e-06,5.2
2.391864406779661,6.980655758002254e-06,5.2
2.442542372881356,6.907549286514834e-06,5.2
2.493220338983051,6.837559888597584e-06,5.2
2.543898305084746,6.770562501421668e-06,5.2
2.594576271186441,6.7064445870594015e-06,5.2
2.645254237288136,6.645095610276004e-06,5.2
2.6959322033898308,6.586414704527011e-06,5.2
2.7466101694915257,6.530292102246592e-06,5.2
2.7972881355932206,6.476602523907715e-06,5.2
2.847966101694915,6.425218043487491e-06,5.2
2.89864406779661,6.376013067208196e-06,5.2
2.949322033898305,6.3288698761262385e-06,5.2
3.0,6.283678948214906e-06,5.2
0.01,3.518762686969615e-05,5.4
0.06067796610169492,3.4774283277735385e-05,5.4
0.11135593220338984,3.358702492740376e-05,5.4
0.16203389830508477,3.194697948970222e-05,5.4
0.2127118644067797,3.0168386879039587e-05,5.4
0.26338983050847464,2.838197665177285e-05,5.4
0.31406779661016954,2.660422113869461e-05,5.4
0.36474576271186443,2.487255122820507e-05,5.4
0.4154237288135594,2.3226741631517887e-05,5.4
0.4661016949152543,2.1707664600685185e-05,5.4
0.5167796610169493,2.0318667149707184e-05,5.4
0.5674576271186441,1.905116730949224e-05,5.4
0.6181355932203391,1.7898540148644962e-05,5.4
0.668813559322034,1.6852567163585432e-05,5.4
0.7194915254237289,1.590221938658186e-05,5.4
0.7701694915254238,1.5042871767706222e-05,5.4
0.8208474576271187,1.427975786529879e-05,5.4
0.8715254237288137,1.3611640924410794e-05,5.4
0.9222033898305086,1.3025608431303937e-05,5.4
0.9728813559322035,1.2500559994476763e-05,5.4
1.0235593220338985,1.20196453236023e-05,5.4
1.0742372881355933,1.1570837501101655e-05,5.4
1.1249152542372882,1.1151227528690611e-05,5.4
1.1755932203389832,1.0764111862542533e-05,5.4
1.2262711864406781,1.0411952035199952e-05,5.4
1.276949152542373,1.0094740635156576e-05,5.4
1.327627118644068,9.810534050024614e-06,5.4
1.378305084745763,9.556322470605245e-06,5.4
1.4289830508474577,9.327693304921664e-06,5.4
1.4796610169491526,9.120421129978931e-06,5.4
1.5303389830508476,8.930914394634657e-06,5.4
1.5810169491525425,8.756267363982694e-06,5.4
1.6316949152542375,8.594279566683662e-06,5.4
1.6823728813559324,8.443232690351068e-06,5.4
1.7330508474576274,8.30173880345205e-06,5.4
1.7837288135593223,8.168634807085304e-06,5.4
1.8344067796610173,8.042942243196868e-06,5.4
1.885084745762712,7.923804343773546e-06,5.4
1.935762711864407,7.81042707705039e-06,5.4
1.986440677966102,7.702152376504083e-06,5.4
2.037118644067797,7.598549565014421e-06,5.4
2.0877966101694914,7.499341713313304e-06,5.4
2.1384745762711863,7.4043084079273665e-06,5.4
2.1891525423728813,7.313266693633131e-06,5.4
2.239830508474576,7.226054534237896e-06,5.4
2.290508474576271,7.142513815318487e-06,5.4
2.341186440677966,7.062496598344742e-06,5.4
2.391864406779661,6.985861163658346e-06,5.4
2.442542372881356,6.9124770452379315e-06,5.4
2.493220338983051,6.842213511302495e-06,5.4
2.543898305084746,6.774948990863146e-06,5.4
2.594576271186441,6.710568435299701e-06,5.4
2.645254237288136,6.648964535443646e-06,5.4
2.6959322033898308,6.5900347191599925e-06,5.4
2.7466101694915257,6.5336749172028595e-06,5.4
2.7972881355932206,6.479764894271525e-06,5.4
2.847966101694915,6.428177834045664e-06,5.4
2.89864406779661,6.378787861450449e-06,5.4
2.949322033898305,6.3314757436882e-06,5.4
3.0,6.286130150258371e-06,5.4
0.01,3.518531658339802e-05,5.6
0.06067796610169492,3.477141709639558e-05,5.6
0.11135593220338984,3.3602500271870595e-05,5.6
0.16203389830508477,3.1992383460357984e-05,5.6
0.2127118644067797,3.0246534794681004e-05,5.6
0.26338983050847464,2.8490125113881196e-05,5.6
0.31406779661016954,2.6742532579953326e-05,5.6
0.36474576271186443,2.5040831515252446e-05,5.6
0.4154237288135594,2.3414482936412218e-05,5.6
0.4661016949152543,2.1895668336660448e-05,5.6
0.5167796610169493,2.0497262989665896e-05,5.6
0.5674576271186441,1.9217106650601164e-05,5.6
0.6181355932203391,1.805092934382795e-05,5.6
0.668813559322034,1.699288385315559e-05,5.6
0.7194915254237289,1.6032843423278834e-05,5.6
0.7701694915254238,1.5161926917766911e-05,5.6
0.8208474576271187,1.4383245473545685e-05,5.6
0.8715254237288137,1.3698023230160591e-05,5.6
0.9222033898305086,1.3098649094809791e-05,5.6
0.9728813559322035,1.2565853191521147e-05,5.6
1.0235593220338985,1.2081416191638534e-05,5.6
1.0742372881355933,1.1632170451804604e-05,5.6
1.1249152542372882,1.1211451115433239e-05,5.6
1.1755932203389832,1.0821250618397327e-05,5.6
1.2262711864406781,1.0464377851500814e-05,5.6
1.276949152542373,1.0141698835942737e-05,5.6
1.327627118644068,9.851801641533436e-06,5.6
1.378305084745763,9.592102600477745e-06,5.6
1.4289830508474577,9.358698514300769e-06,5.6
1.4796610169491526,9.147398231560913e-06,5.6
1.5303389830508476,8.954540186507398e-06,5.6
1.5810169491525425,8.77708946999263e-06,5.6
1.6316949152542375,8.612708990865637e-06,5.6
1.6823728813559324,8.459597234006692e-06,5.6
1.7330508474576274,8.316303627681555e-06,5.6
1.7837288135593223,8.181631106534142e-06,5.6
1.8344067796610173,8.05456857653368e-06,5.6
1.885084745762712,7.934264285085286e-06,5.6
1.935762711864407,7.819959950421983e-06,5.6
1.986440677966102,7.710953442160964e-06,5.6
2.037118644067797,7.606740281130989e-06,5.6
2.0877966101694914,7.507005904726396e-06,5.6
2.1384745762711863,7.411507998386229e-06,5.6
2.1891525423728813,7.320048873632783e-06,5.6
2.239830508474576,7.232455998548141e-06,5.6
2.290508474576271,7.148566290913225e-06,5.6
2.341186440677966,7.068224919795413e-06,5.6
2.391864406779661,6.991287405723092e-06,5.6
2.442542372881356,6.91761166109055e-06,5.6
2.493220338983051,6.847068465138624e-06,5.6
2.543898305084746,6.779529439575158e-06,5.6
2.594576271186441,6.714881201684322e-06,5.6
2.645254237288136,6.65301715734746e-06,5.6
2.6959322033898308,6.593833857382766e-06,5.6
2.7466101694915257,6.5372305774663485e-06,5.6
2.7972881355932206,6.483092162893939e-06,5.6
2.847966101694915,6.4312946173583364e-06,5.6
2.89864406779661,6.381711589633756e-06,5.6
2.949322033898305,6.334222994259273e-06,5.6
3.0,6.288715707465491e-06,5.6
0.01,3.5182907166518204e-05,5.8
0.06067796610169492,3.476852572122031e-05,5.8
0.11135593220338984,3.361762455387045e-05,5.8
0.16203389830508477,3.203725791329802e-05,5.8
0.2127118644067797,3.0324032934551326e-05,5.8
0.26338983050847464,2.859709478861257e-05,5.8
0.31406779661016954,2.687868814841693e-05,5.8
0.36474576271186443,2.5205628366887467e-05,5.8
0.4154237288135594,2.3601517190026018e-05,5.8
0.4661016949152543,2.208655434011059e-05,5.8
0.5167796610169493,2.0680533716681895e-05,5.8
0.5674576271186441,1.9388751589768847e-05,5.8
0.6181355932203391,1.8209343116978258e-05,5.8
0.668813559322034,1.7138680867191404e-05,5.8
0.7194915254237289,1.6168082809181748e-05,5.8
0.7701694915254238,1.528695025920601e-05,5.8
0.8208474576271187,1.4493807065033439e-05,5.8
0.8715254237288137,1.379187114426668e-05,5.8
0.9222033898305086,1.3177285236073152e-05,5.8
0.9728813559322035,1.2634761063968216e-05,5.8
1.0235593220338985,1.2145216288578749e-05,5.8
1.0742372881355933,1.1694323721101768e-05,5.8
1.1249152542372882,1.1272674435085946e-05,5.8
1.1755932203389832,1.0879812126213898e-05,5.8
1.2262711864406781,1.0518549488602802e-05,5.8
1.276949152542373,1.0190488234136265e-05,5.8
1.327627118644068,9.894947083085029e-06,5.8
1.378305084745763,9.629679806984858e-06,5.8
1.4289830508474577,9.391313407928326e-06,5.8
1.4796610169491526,9.175788371818265e-06,5.8
1.5303389830508476,8.979389922412346e-06,5.8
1.5810169491525425,8.798997968118652e-06,5.8
1.6316949152542375,8.63211936449077e-06,5.8
1.6823728813559324,8.476852421373755e-06,5.8
1.7330508474576274,8.331687679290679e-06,5.8
1.7837288135593223,8.19537960348936e-06,5.8
1.8344067796610173,8.066887815609395e-06,5.8
1.885084745762712,7.945348160963095e-06,5.8
1.935762711864407,7.830025319881369e-06,5.8
1.986440677966102,7.720216567749516e-06,5.8
2.037118644067797,7.615343843433373e-06,5.8
2.0877966101694914,7.515042375987427e-06,5.8
2.1384745762711863,7.419046083928675e-06,5.8
2.1891525423728813,7.327141395722336e-06,5.8
2.239830508474576,7.239143151592216e-06,5.8
2.290508474576271,7.15488357376016e-06,5.8
2.341186440677966,7.0741967106601615e-06,5.8
2.391864406779661,6.996939055925297e-06,5.8
2.442542372881356,6.9229615430241756e-06,5.8
2.493220338983051,6.852126885924828e-06,5.8
2.543898305084746,6.7843052707804175e-06,5.8
2.594576271186441,6.719383732999925e-06,5.8
2.645254237288136,6.657254378706592e-06,5.8
2.6959322033898308,6.5978132275782935e-06,5.8
2.7466101694915257,6.540959713414503e-06,5.8
2.7972881355932206,6.486585806444136e-06,5.8
2.847966101694915,6.43456959920337e-06,5.8
2.89864406779661,6.384785448548718e-06,5.8
2.949322033898305,6.337112617724058e-06,5.8
3.0,6.2914363535455244e-06,5.8
0.01,3.518040288343831e-05,6.0
0.06067796610169492,3.476561384461282e-05,6.0
0.11135593220338984,3.363236356033018e-05,6.0
0.16203389830508477,3.208146543585693e-05,6.0
0.2127118644067797,3.0400726364963234e-05,6.0
0.26338983050847464,2.8702849053362852e-05,6.0
0.31406779661016954,2.7012803988122217e-05,6.0
0.36474576271186443,2.5367161842749966e-05,6.0
0.4154237288135594,2.378654409247875e-05,6.0
0.4661016949152543,2.227940919312985e-05,6.0
0.5167796610169493,2.0868129826201582e-05,6.0
0.5674576271186441,1.95658217767534e-05,6.0
0.6181355932203391,1.83737616167678e-05,6.0
0.668813559322034,1.7290160786294034e-05,6.0
0.7194915254237289,1.630815706092933e-05,6.0
0.7701694915254238,1.541722492943162e-05,6.0
0.8208474576271187,1.4610979562208627e-05,6.0
0.8715254237288137,1.3893030738690831e-05,6.0
0.9222033898305086,1.3262099555982982e-05,6.0
0.9728813559322035,1.2707842629758746e-05,6.0
1.0235593220338985,1.221153143813478e-05,6.0
1.0742372881355933,1.1757534981998564e-05,6.0
1.1249152542372882,1.1334819784000793e-05,6.0
1.1755932203389832,1.0939663005526007e-05,6.0
1.2262711864406781,1.0574400130036678e-05,6.0
1.276949152542373,1.024111204912121e-05,6.0
1.327627118644068,9.939930149768617e-06,6.0
1.378305084745763,9.669069662880953e-06,6.0
1.4289830508474577,9.425576713642606e-06,6.0
1.4796610169491526,9.205636618265407e-06,6.0
1.5303389830508476,9.005518451002833e-06,6.0
1.5810169491525425,8.82202497442606e-06,6.0
1.6316949152542375,8.652528593347075e-06,6.0
1.6823728813559324,8.495014393973342e-06,6.0
1.7330508474576274,8.347900226124978e-06,6.0
1.7837288135593223,8.20988929741078e-06,6.0
1.8344067796610173,8.079910263509381e-06,6.0
1.885084745762712,7.95708024598953e-06,6.0
1.935762711864407,7.84065592828935e-06,6.0
1.986440677966102,7.729964509359374e-06,6.0
2.037118644067797,7.624376905803933e-06,6.0
2.0877966101694914,7.523465802154059e-06,6.0
2.1384745762711863,7.426935568634556e-06,6.0
2.1891525423728813,7.3345548113074456e-06,6.0
2.239830508474576,7.2461256549400304e-06,6.0
2.290508474576271,7.1614710075684365e-06,6.0
2.341186440677966,7.080418991646888e-06,6.0
2.391864406779661,7.002822709600524e-06,6.0
2.442542372881356,6.928528190915577e-06,6.0
2.493220338983051,6.85739156376135e-06,6.0
2.543898305084746,6.7892792915248656e-06,6.0
2.594576271186441,6.724077527512042e-06,6.0
2.645254237288136,6.661677288168162e-06,6.0
2.6959322033898308,6.6019734914546036e-06,6.0
2.7466101694915257,6.5448644391179545e-06,6.0
2.7972881355932206,6.4902471410609135e-06,6.0
2.847966101694915,6.438004224813605e-06,6.0
2.89864406779661,6.388010807327758e-06,6.0
2.949322033898305,6.3401457827944525e-06,6.0
3.0,6.2942929757705176e-06,6.0
0.01,3.517781159597455e-05,6.2
0.06067796610169492,3.476268492971751e-05,6.2
0.11135593220338984,3.3646684060622e-05,6.2
0.16203389830508477,3.212492852013874e-05,6.2
0.2127118644067797,3.047645576085205e-05,6.2
0.26338983050847464,2.8807329152562306e-05,6.2
0.31406779661016954,2.7144956933889743e-05,6.2
0.36474576271186443,2.5525644085621823e-05,6.2
0.4154237288135594,2.39684771554614e-05,6.2
0.4661016949152543,2.2473148514180917e-05,6.2
0.5167796610169493,2.1059528223196933e-05,6.2
0.5674576271186441,1.9747972407515565e-05,6.2
0.6181355932203391,1.8544036206243096e-05,6.2
0.668813559322034,1.7447451556688177e-05,6.2
0.7194915254237289,1.6453337370769643e-05,6.2
0.7701694915254238,1.5552125598192623e-05,6.2
0.8208474576271187,1.4734283988033322e-05,6.2
0.8715254237288137,1.4001103695811224e-05,6.2
0.9222033898305086,1.3353607228331481e-05,6.2
0.9728813559322035,1.2785681737281447e-05,6.2
1.0235593220338985,1.2280838120101334e-05,6.2
1.0742372881355933,1.1822322870718166e-05,6.2
1.1249152542372882,1.1397862753793157e-05,6.2
1.1755932203389832,1.100070009359425e-05,6.2
1.2262711864406781,1.063182841791567e-05,6.2
1.276949152542373,1.029356072011291e-05,6.2
1.327627118644068,9.986757371697955e-06,6.2
1.378305084745763,9.710268519800269e-06,6.2
1.4289830508474577,9.461523581694246e-06,6.2
1.4796610169491526,9.236986195106424e-06,6.2
1.5303389830508476,9.032967526356266e-06,6.2
1.5810169491525425,8.846205388437399e-06,6.2
1.6316949152542375,8.673964973934473e-06,6.2
1.6823728813559324,8.514102176592242e-06,6.2
1.7330508474576274,8.36495372384736e-06,6.2
1.7837288135593223,8.225170820595848e-06,6.2
1.8344067796610173,8.093642328468884e-06,6.2
1.885084745762712,7.969471355634414e-06,6.2
1.935762711864407,7.851883258084172e-06,6.2
1.986440677966102,7.74022505914977e-06,6.2
2.037118644067797,7.63385926599007e-06,6.2
2.0877966101694914,7.532292361618747e-06,6.2
2.1384745762711863,7.435190047898475e-06,6.2
2.1891525423728813,7.342300851947389e-06,6.2
2.239830508474576,7.25341313732214e-06,6.2
2.290508474576271,7.168339165365587e-06,6.2
2.341186440677966,7.086901785913987e-06,6.2
2.391864406779661,7.008946211035232e-06,6.2
2.442542372881356,6.934316829129201e-06,6.2
2.493220338983051,6.862865718697915e-06,6.2
2.543898305084746,6.79445382139963e-06,6.2
2.594576271186441,6.728964517200353e-06,6.2
2.645254237288136,6.666287036479828e-06,6.2
2.6959322033898308,6.606315058424928e-06,6.2
2.7466101694915257,6.548945782614778e-06,6.2
2.7972881355932206,6.494077839538342e-06,6.2
2.847966101694915,6.441599939680202e-06,6.2
2.89864406779661,6.391389087745118e-06,6.2
2.949322033898305,6.3433239450454965e-06,6.2
3.0,6.297286584767274e-06,6.2
0.01,3.5175140691863814e-05,6.4
0.06067796610169492,3.475974212598828e-05,6.4
0.11135593220338984,3.3660557626443995e-05,6.4
0.16203389830508477,3.216760417142337e-05,6.4
0.2127118644067797,3.055106284105253e-05,6.4
0.26338983050847464,2.891046015485639e-05,6.4
0.31406779661016954,2.7275186582536106e-05,6.4
0.36474576271186443,2.5681262579680953e-05,6.4
0.4154237288135594,2.4146722242775652e-05,6.4
0.4661016949152543,2.2666571580060483e-05,6.4
0.5167796610169493,2.1254013143421247e-05,6.4
0.5674576271186441,1.9934858396317076e-05,6.4
0.6181355932203391,1.8719920468585967e-05,6.4
0.668813559322034,1.7610592672510935e-05,6.4
0.7194915254237289,1.6603842152035594e-05,6.4
0.7701694915254238,1.5691496176299516e-05,6.4
0.8208474576271187,1.4863101154945956e-05,6.4
0.8715254237288137,1.4115680667738732e-05,6.4
0.9222033898305086,1.3452025502094315e-05,6.4
0.9728813559322035,1.2868851764813413e-05,6.4
1.0235593220338985,1.2353651670175403e-05,6.4
1.0742372881355933,1.1889165628099868e-05,6.4
1.1249152542372882,1.1461880613397182e-05,6.4
1.1755932203389832,1.1062833015308944e-05,6.4
1.2262711864406781,1.0690721194706405e-05,6.4
1.276949152542373,1.0347788776858624e-05,6.4
1.327627118644068,1.0035464222401325e-05,6.4
1.378305084745763,9.753285666862123e-06,6.4
1.4289830508474577,9.499175728870137e-06,6.4
1.4796610169491526,9.269876140694665e-06,6.4
1.5303389830508476,9.06177759983757e-06,6.4
1.5810169491525425,8.871580930373507e-06,6.4
1.6316949152542375,8.696458112699191e-06,6.4
1.6823728813559324,8.534137852902599e-06,6.4
1.7330508474576274,8.382864904748175e-06,6.4
1.7837288135593223,8.241237114325007e-06,6.4
1.8344067796610173,8.108101210240115e-06,6.4
1.885084745762712,7.98253105659704e-06,6.4
1.935762711864407,7.863727372582039e-06,6.4
1.986440677966102,7.751028426086406e-06,6.4
2.037118644067797,7.643813616766744e-06,6.4
2.0877966101694914,7.541539412554865e-06,6.4
2.1384745762711863,7.443824223058116e-06,6.4
2.1891525423728813,7.350392327829218e-06,6.4
2.239830508474576,7.261016141933104e-06,6.4
2.290508474576271,7.1754978205496815e-06,6.4
2.341186440677966,7.093651730613268e-06,6.4
2.391864406779661,7.015317315640759e-06,6.4
2.442542372881356,6.940334282402392e-06,6.4
2.493220338983051,6.868553546054184e-06,6.4
2.543898305084746,6.799831724321133e-06,6.4
2.594576271186441,6.73404692274072e-06,6.4
2.645254237288136,6.671085325310799e-06,6.4
2.6959322033898308,6.610839114504675e-06,6.4
2.7466101694915257,6.553204105649983e-06,6.4
2.7972881355932206,6.498079392544168e-06,6.4
2.847966101694915,6.445358365396614e-06,6.4
2.89864406779661,6.3949220442561185e-06,6.4
2.949322033898305,6.346647968802998e-06,6.4
3.0,6.300418508472156e-06,6.4
0.01,3.517239655801317e-05,6.6
0.06067796610169492,3.475678825518187e-05,6.6
0.11135593220338984,3.36739754158469e-05,6.6
0.16203389830508477,3.220945350594382e-05,6.6
0.2127118644067797,3.0624394008315046e-05,6.6
0.26338983050847464,2.901214857924653e-05,6.6
0.31406779661016954,2.7403498591013577e-05,6.6
0.36474576271186443,2.583416657154471e-05,6.6
0.4154237288135594,2.4321380696974775e-05,6.6
0.4661016949152543,2.2858437935111562e-05,6.6
0.5167796610169493,2.1450679729842033e-05,6.6
0.5674576271186441,2.0126088204707942e-05,6.6
0.6181355932203391,1.890111780426285e-05,6.6
0.668813559322034,1.777951396941485e-05,6.6
0.7194915254237289,1.675983165451441e-05,6.6
0.7701694915254238,1.5835577136879123e-05,6.6
0.8208474576271187,1.4996786809973821e-05,6.6
0.8715254237288137,1.4236422367269739e-05,6.6
0.9222033898305086,1.355713770280222e-05,6.6
0.9728813559322035,1.2957912424194723e-05,6.6
1.0235593220338985,1.24305234649478e-05,6.6
1.0742372881355933,1.1958504465715023e-05,6.6
1.1249152542372882,1.1527155759405199e-05,6.6
1.1755932203389832,1.1126006156922569e-05,6.6
1.2262711864406781,1.0750974298616219e-05,6.6
1.276949152542373,1.040372614099175e-05,6.6
1.327627118644068,1.0086040835414546e-05,6.6
1.378305084745763,9.798158296420065e-06,6.6
1.4289830508474577,9.538547024837973e-06,6.6
1.4796610169491526,9.304338125408824e-06,6.6
1.5303389830508476,9.09198902192786e-06,6.6
1.5810169491525425,8.898187190049785e-06,6.6
1.6316949152542375,8.720035200407223e-06,6.6
1.6823728813559324,8.55514208515745e-06,6.6
1.7330508474576274,8.40165286810684e-06,6.6
1.7837288135593223,8.258103226103773e-06,6.6
1.8344067796610173,8.123298676379788e-06,6.6
1.885084745762712,7.996270649560695e-06,6.6
1.935762711864407,7.87620048228738e-06,6.6
1.986440677966102,7.7624019138929e-06,6.6
2.037118644067797,7.654264084070917e-06,6.6
2.0877966101694914,7.551225527006907e-06,6.6
2.1384745762711863,7.45285382028732e-06,6.6
2.1891525423728813,7.358842443935338e-06,6.6
2.239830508474576,7.26894646100886e-06,6.6
2.290508474576271,7.182957555626081e-06,6.6
2.341186440677966,7.100678186744479e-06,6.6
2.391864406779661,7.021943666929128e-06,6.6
2.442542372881356,6.946588003940671e-06,6.6
2.493220338983051,6.874460933156178e-06,6.6
2.543898305084746,6.805416511677618e-06,6.6
2.594576271186441,6.7393269255936025e-06,6.6
2.645254237288136,6.6760735824010765e-06,6.6
2.6959322033898308,6.615546798497875e-06,6.6
2.7466101694915257,6.557640657863031e-06,6.6
2.7972881355932206,6.5022527700939656e-06,6.6
2.847966101694915,6.449281418351749e-06,6.6
2.89864406779661,6.398610880614468e-06,6.6
2.949322033898305,6.350119809891207e-06,6.6
3.0,6.303690145231705e-06,6.6
0.01,3.516958479033197e-05,6.8
0.06067796610169492,3.4753827549619276e-05,6.8
0.11135593220338984,3.3686948923012516e-05,6.8
0.16203389830508477,3.2250436648757765e-05,6.8
0.2127118644067797,3.069630336410156e-05,6.8
0.26338983050847464,2.9112288185349104e-05,6.8
0.31406779661016954,2.752987279803091e-05,6.8
0.36474576271186443,2.5984470952066164e-05,6.8
0.4154237288135594,2.4492662916949204e-05,6.8
0.4661016949152543,2.304765940898431e-05,6.8
0.5167796610169493,2.1648458758634058e-05,6.8
0.5674576271186441,2.0321099091986502e-05,6.8
0.6181355932203391,1.9087245599305018e-05,6.8
0.668813559322034,1.7954026576073415e-05,6.8
0.7194915254237289,1.6921393912709308e-05,6.8
0.7701694915254238,1.5984608280042135e-05,6.8
0.8208474576271187,1.5134839235708662e-05,6.8
0.8715254237288137,1.4362855960190196e-05,6.8
0.9222033898305086,1.3668608608307174e-05,6.8
0.9728813559322035,1.3053315975045899e-05,6.8
1.0235593220338985,1.2512013786593793e-05,6.8
1.0742372881355933,1.2030811418640791e-05,6.8
1.1249152542372882,1.1594117043777488e-05,6.8
1.1755932203389832,1.1190219555189026e-05,6.8
1.2262711864406781,1.0812503717460816e-05,6.8
1.276949152542373,1.046127851650077e-05,6.8
1.327627118644068,1.0138476127290138e-05,6.8
1.378305084745763,9.844914524103343e-06,6.8
1.4289830508474577,9.579674784078761e-06,6.8
1.4796610169491526,9.340400531435674e-06,6.8
1.5303389830508476,9.123636807427096e-06,6.8
1.5810169491525425,8.926062753947159e-06,6.8
1.6316949152542375,8.744726735733291e-06,6.8
1.6823728813559324,8.577141605196593e-06,6.8
1.7330508474576274,8.4213376184536e-06,6.8
1.7837288135593223,8.27578559103568e-06,6.8
1.8344067796610173,8.139241654384852e-06,6.8
1.885084745762712,8.010701079518298e-06,6.8
1.935762711864407,7.889312489797148e-06,6.8
1.986440677966102,7.774363287759838e-06,6.8
2.037118644067797,7.665237198515097e-06,6.8
2.0877966101694914,7.561371537073891e-06,6.8
2.1384745762711863,7.462295630407537e-06,6.8
2.1891525423728813,7.367665376254338e-06,6.8
2.239830508474576,7.2772165479081925e-06,6.8
2.290508474576271,7.190726727365598e-06,6.8
2.341186440677966,7.107990145607542e-06,6.8
2.391864406779661,7.0288334233928125e-06,6.8
2.442542372881356,6.953085772632503e-06,6.8
2.493220338983051,6.880594587208463e-06,6.8
2.543898305084746,6.811212791913657e-06,6.8
2.594576271186441,6.744807385240912e-06,6.8
2.645254237288136,6.6812542082339494e-06,6.8
2.6959322033898308,6.6204396907274285e-06,6.8
2.7466101694915257,6.562256345256037e-06,6.8
2.7972881355932206,6.50660009805832e-06,6.8
2.847966101694915,6.453370599943881e-06,6.8
2.89864406779661,6.402457250823776e-06,6.8
2.949322033898305,6.353740941663524e-06,6.8
3.0,6.307102995842421e-06,6.8
0.01,3.5166709953597066e-05,7.0
0.06067796610169492,3.47508718458436e-05,7.0
0.11135593220338984,3.369949356571214e-05,7.0
0.16203389830508477,3.2290513376740415e-05,7.0
0.2127118644067797,3.0766664288490755e-05,7.0
0.26338983050847464,2.9210765398149757e-05,7.0
0.31406779661016954,2.76542711657388e-05,7.0
0.36474576271186443,2.6132256452469158e-05,7.0
0.4154237288135594,2.46607599284191e-05,7.0
0.4661016949152543,2.3233470527506002e-05,7.0
0.5167796610169493,2.184616601078957e-05,7.0
0.5674576271186441,2.0519146811648943e-05,7.0
0.6181355932203391,1.927794098122147e-05,7.0
0.668813559322034,1.8133902072027956e-05,7.0
0.7194915254237289,1.7088535334113643e-05,7.0
0.7701694915254238,1.613878072384393e-05,7.0
0.8208474576271187,1.5277253918644885e-05,7.0
0.8715254237288137,1.449440021690363e-05,7.0
0.9222033898305086,1.3786179239204504e-05,7.0
0.9728813559322035,1.3155149790198325e-05,7.0
1.0235593220338985,1.2598675167053752e-05,7.0
1.0742372881355933,1.2106593268386783e-05,7.0
1.1249152542372882,1.166317783832913e-05,7.0
1.1755932203389832,1.125558399122945e-05,7.0
1.2262711864406781,1.0875236452508887e-05,7.0
1.276949152542373,1.052035260076471e-05,7.0
1.327627118644068,1.019271898619827e-05,7.0
1.378305084745763,9.89357701217179e-06,7.0
1.4289830508474577,9.62263794110232e-06,7.0
1.4796610169491526,9.378086551708592e-06,7.0
1.5303389830508476,9.156756307556494e-06,7.0
1.5810169491525425,8.955247142987485e-06,7.0
1.6316949152542375,8.770569807684108e-06,7.0
1.6823728813559324,8.600162441283402e-06,7.0
1.7330508474576274,8.44194089638881e-06,7.0
1.7837288135593223,8.29430213626024e-06,7.0
1.8344067796610173,8.1559499590573e-06,7.0
1.885084745762712,8.025834333019162e-06,7.0
1.935762711864407,7.903073389461704e-06,7.0
1.986440677966102,7.786927135411094e-06,7.0
2.037118644067797,7.676757037628161e-06,7.0
2.0877966101694914,7.572000507187551e-06,7.0
2.1384745762711863,7.472167850849378e-06,7.0
2.1891525423728813,7.3768764897644695e-06,7.0
2.239830508474576,7.285839357847872e-06,7.0
2.290508474576271,7.198815986848193e-06,7.0
2.341186440677966,7.1155971679897534e-06,7.0
2.391864406779661,7.035995150345773e-06,7.0
2.442542372881356,6.959835370273569e-06,7.0
2.493220338983051,6.886962541231568e-06,7.0
2.543898305084746,6.817226761523462e-06,7.0
2.594576271186441,6.750492630492286e-06,7.0
2.645254237288136,6.6866297472973095e-06,7.0
2.6959322033898308,6.625519671806646e-06,7.0
2.7466101694915257,6.567052273823756e-06,7.0
2.7972881355932206,6.511121707237136e-06,7.0
2.847966101694915,6.457627667598948e-06,7.0
2.89864406779661,6.4064632297846014e-06,7.0
2.949322033898305,6.35751323854983e-06,7.0
3.0,6.310658688933371e-06,7.0
0.01,3.5163775319685544e-05,7.2
0.06067796610169492,3.4747940886889164e-05,7.2
0.11135593220338984,3.371162399551643e-05,7.2
0.16203389830508477,3.232964541401754e-05,7.2
0.2127118644067797,3.0835381919130915e-05,7.2
0.26338983050847464,2.930745970379415e-05,7.2
0.31406779661016954,2.777664051639079e-05,7.2
0.36474576271186443,2.627756934876943e-05,7.2
0.4154237288135594,2.482583391548079e-05,7.2
0.4661016949152543,2.3415800930459333e-05,7.2
0.5167796610169493,2.204258684726522e-05,7.2
0.5674576271186441,2.071931097879515e-05,7.2
0.6181355932203391,1.9472774886040793e-05,7.2
0.668813559322034,1.8318808649856972e-05,7.2
0.7194915254237289,1.726115123974217e-05,7.2
0.7701694915254238,1.6298231509254904e-05,7.2
0.8208474576271187,1.5424277815107152e-05,7.2
0.8715254237288137,1.4630482199612137e-05,7.2
0.9222033898305086,1.3909525731926292e-05,7.2
0.9728813559322035,1.3263181492590423e-05,7.2
1.0235593220338985,1.2691026730608808e-05,7.2
1.0742372881355933,1.2186383802568638e-05,7.2
1.1249152542372882,1.1734769674637082e-05,7.2
1.1755932203389832,1.1322359449300578e-05,7.2
1.2262711864406781,1.0939140261922809e-05,7.2
1.276949152542373,1.0580869095073035e-05,7.2
1.327627118644068,1.0248705255621095e-05,7.2
1.378305084745763,9.944142715997574e-06,7.2
1.4289830508474577,9.66748455826396e-06,7.2
1.4796610169491526,9.41744032828765e-06,7.2
1.5303389830508476,9.191369797273214e-06,7.2
1.5810169491525425,8.985767091149616e-06,7.2
1.6316949152542375,8.797594226755537e-06,7.2
1.6823728813559324,8.624230388587667e-06,7.2
1.7330508474576274,8.463486939092724e-06,7.2
1.7837288135593223,8.313672409058463e-06,7.2
1.8344067796610173,8.173437399791182e-06,7.2
1.885084745762712,8.041683866060934e-06,7.2
1.935762711864407,7.917494695851214e-06,7.2
1.986440677966102,7.800100571840525e-06,7.2
2.037118644067797,7.68883930917145e-06,7.2
2.0877966101694914,7.5831352322699886e-06,7.2
2.1384745762711863,7.482489860356639e-06,7.2
2.1891525423728813,7.386492104211892e-06,7.2
2.239830508474576,7.294828813780094e-06,7.2
2.290508474576271,7.207242091615707e-06,7.2
2.341186440677966,7.123510803425153e-06,7.2
2.391864406779661,7.043438345370552e-06,7.2
2.442542372881356,6.96684523353056e-06,7.2
2.493220338983051,6.8935697012054636e-06,7.2
2.543898305084746,6.823465291754782e-06,7.2
2.594576271186441,6.756387072109416e-06,7.2
2.645254237288136,6.692203163259451e-06,7.2
2.6959322033898308,6.630788828741556e-06,7.2
2.7466101694915257,6.572029966822266e-06,7.2
2.7972881355932206,6.515818816554912e-06,7.2
2.847966101694915,6.4620514837443325e-06,7.2
2.89864406779661,6.410630658086271e-06,7.2
2.949322033898305,6.3614385098248886e-06,7.2
3.0,6.314359139697986e-06,7.2
0.01,3.516078280204104e-05,7.4
0.06067796610169492,3.4745055894981806e-05,7.4
0.11135593220338984,3.372335232040186e-05,7.4
0.16203389830508477,3.2367789211568713e-05,7.4
0.2127118644067797,3.090243193556774e-05,7.4
0.26338983050847464,2.94022522266587e-05,7.4
0.31406779661016954,2.7896910920605393e-05,7.4
0.36474576271186443,2.642042816461281e-05,7.4
0.4154237288135594,2.498801500230962e-05,7.4
0.4661016949152543,2.359482335247908e-05,7.4
0.5167796610169493,2.223664961608112e-05,7.4
0.5674576271186441,2.092052195030404e-05,7.4
0.6181355932203391,1.9671150229038673e-05,7.4
0.668813559322034,1.850836974734639e-05,7.4
0.7194915254237289,1.7439060991609434e-05,7.4
0.7701694915254238,1.6463015016941674e-05,7.4
0.8208474576271187,1.5576124555462676e-05,7.4
0.8715254237288137,1.4770745993969161e-05,7.4
0.9222033898305086,1.4038178315992297e-05,7.4
0.9728813559322035,1.337719603831173e-05,7.4
1.0235593220338985,1.2789424295211232e-05,7.4
1.0742372881355933,1.2270718700656411e-05,7.4
1.1249152542372882,1.1809353318298609e-05,7.4
1.1755932203389832,1.139091881959734e-05,7.4
1.2262711864406781,1.1004237166551523e-05,7.4
1.276949152542373,1.0642756533542515e-05,7.4
1.327627118644068,1.0306348445891856e-05,7.4
1.378305084745763,9.996595155797963e-06,7.4
1.4289830508474577,9.714247422369563e-06,7.4
1.4796610169491526,9.45857666202889e-06,7.4
1.5303389830508476,9.227507489915514e-06,7.4
1.5810169491525425,9.017655575438989e-06,7.4
1.6316949152542375,8.82583603716651e-06,7.4
1.6823728813559324,8.649373522403508e-06,7.4
1.7330508474576274,8.48600010301088e-06,7.4
1.7837288135593223,8.333917459652424e-06,7.4
1.8344067796610173,8.191721801310894e-06,7.4
1.885084745762712,8.058264076813842e-06,7.4
1.935762711864407,7.932587888075983e-06,7.4
1.986440677966102,7.81389396294037e-06,7.4
2.037118644067797,7.701494554296205e-06,7.4
2.0877966101694914,7.594793923128159e-06,7.4
2.1384745762711863,7.4932830203284156e-06,7.4
2.1891525423728813,7.396530113179042e-06,7.4
2.239830508474576,7.304200366672351e-06,7.4
2.290508474576271,7.21601520102335e-06,7.4
2.341186440677966,7.131741588526249e-06,7.4
2.391864406779661,7.051172685057399e-06,7.4
2.442542372881356,6.974124012835339e-06,7.4
2.493220338983051,6.900430011412422e-06,7.4
2.543898305084746,6.829935650952266e-06,7.4
2.594576271186441,6.762497269444686e-06,7.4
2.645254237288136,6.69797860183059e-06,7.4
2.6959322033898308,6.636249797728827e-06,7.4
2.7466101694915257,6.577191410141811e-06,7.4
2.7972881355932206,6.520692703205741e-06,7.4
2.847966101694915,6.466648260246004e-06,7.4
2.89864406779661,6.414961303244342e-06,7.4
2.949322033898305,6.365518650967006e-06,7.4
3.0,6.318206041209509e-06,7.4
0.01,3.51577321572498e-05,7.6
0.06067796610169492,3.474223509296593e-05,7.6
0.11135593220338984,3.37346927664435e-05,7.6
0.16203389830508477,3.240491191288513e-05,7.6
0.2127118644067797,3.0967817835412636e-05,7.6
0.26338983050847464,2.9495026386198647e-05,7.6
0.31406779661016954,2.801500192895916e-05,7.6
0.36474576271186443,2.6560829670483293e-05,7.6
0.4154237288135594,2.514740235028229e-05,7.6
0.4661016949152543,2.377069995999129e-05,7.6
0.5167796610169493,2.242758074856058e-05,7.6
0.5674576271186441,2.1121615291917304e-05,7.6
0.6181355932203391,1.987229920269934e-05,7.6
0.668813559322034,1.870221972517491e-05,7.6
0.7194915254237289,1.7622017383371633e-05,7.6
0.7701694915254238,1.6633112242157105e-05,7.6
0.8208474576271187,1.573296211396221e-05,7.6
0.8715254237288137,1.4915315334069105e-05,7.6
0.9222033898305086,1.4171598623214526e-05,7.6
0.9728813559322035,1.3496991466874001e-05,7.6
1.0235593220338985,1.2893834134967483e-05,7.6
1.0742372881355933,1.2360118809244446e-05,7.6
1.1249152542372882,1.188743626779877e-05,7.6
1.1755932203389832,1.1461653424709649e-05,7.6
1.2262711864406781,1.1070619541149491e-05,7.6
1.276949152542373,1.0705960616580259e-05,7.6
1.327627118644068,1.0365576502940306e-05,7.6
1.378305084745763,1.0050883600573867e-05,7.6
1.4289830508474577,9.762943035799648e-06,7.6
1.4796610169491526,9.501580458395389e-06,7.6
1.5303389830508476,9.265223292026015e-06,7.6
1.5810169491525425,9.05094157355617e-06,7.6
1.6316949152542375,8.855327594470157e-06,7.6
1.6823728813559324,8.675626381715879e-06,7.6
1.7330508474576274,8.509503437808181e-06,7.6
1.7837288135593223,8.355059809815407e-06,7.6
1.8344067796610173,8.210821382106492e-06,7.6
1.885084745762712,8.075590010362347e-06,7.6
1.935762711864407,7.948366138039964e-06,7.6
1.986440677966102,7.828318359471112e-06,7.6
2.037118644067797,7.714731628198915e-06,7.6
2.0877966101694914,7.606990017677169e-06,7.6
2.1384745762711863,7.504566110454208e-06,7.6
2.1891525423728813,7.407009032956702e-06,7.6
2.239830508474576,7.313969904444989e-06,7.6
2.290508474576271,7.2251490553106886e-06,7.6
2.341186440677966,7.140302717439437e-06,7.6
2.391864406779661,7.05920908379098e-06,7.6
2.442542372881356,6.981680874524786e-06,7.6
2.493220338983051,6.907546322532563e-06,7.6
2.543898305084746,6.8366452224974614e-06,7.6
2.594576271186441,6.768829957401506e-06,7.6
2.645254237288136,6.7039613596862566e-06,7.6
2.6959322033898308,6.641905830237787e-06,7.6
2.7466101694915257,6.5825387956199615e-06,7.6
2.7972881355932206,6.525745096689791e-06,7.6
2.847966101694915,6.4714168823419926e-06,7.6
2.89864406779661,6.419456888324852e-06,7.6
2.949322033898305,6.3697555737283264e-06,7.6
3.0,6.322201260199407e-06,7.6
0.01,3.5154620256921144e-05,7.8
0.06067796610169492,3.4739493081474e-05,7.8
0.11135593220338984,3.374564966346706e-05,7.8
0.16203389830508477,3.2440981865156645e-05,7.8
0.2127118644067797,3.1031545984805606e-05,7.8
0.26338983050847464,2.9585676127643103e-05,7.8
0.31406779661016954,2.813082538549723e-05,7.8
0.36474576271186443,2.669875505460536e-05,7.8
0.4154237288135594,2.5304061258740922e-05,7.8
0.4661016949152543,2.394356437902372e-05,7.8
0.5167796610169493,2.2615226004242267e-05,7.8
0.5674576271186441,2.1321424744711026e-05,7.8
0.6181355932203391,2.007529234949824e-05,7.8
0.668813559322034,1.889989653582633e-05,7.8
0.7194915254237289,1.7809690709455487e-05,7.8
0.7701694915254238,1.680840193602754e-05,7.8
0.8208474576271187,1.5894897720665682e-05,7.8
0.8715254237288137,1.506442119749759e-05,7.8
0.9222033898305086,1.4309288600815116e-05,7.8
0.9728813559322035,1.3622224243352334e-05,7.8
1.0235593220338985,1.3004083302666758e-05,7.8
1.0742372881355933,1.2455049408489134e-05,7.8
1.1249152542372882,1.1969521596130282e-05,7.8
1.1755932203389832,1.1534989793817854e-05,7.8
1.2262711864406781,1.1138534754614114e-05,7.8
1.276949152542373,1.0770467773447135e-05,7.8
1.327627118644068,1.0426331014460638e-05,7.8
1.378305084745763,1.010694393568379e-05,7.8
1.4289830508474577,9.813567494012788e-06,7.8
1.4796610169491526,9.54648859567063e-06,7.8
1.5303389830508476,9.304633437883414e-06,7.8
1.5810169491525425,9.085653697474747e-06,7.8
1.6316949152542375,8.886095532503375e-06,7.8
1.6823728813559324,8.703014604393706e-06,7.8
1.7330508474576274,8.534020026267548e-06,7.8
1.7837288135593223,8.377121643999804e-06,7.8
1.8344067796610173,8.230755627407934e-06,7.8
1.885084745762712,8.093677560248876e-06,7.8
1.935762711864407,7.96484335333705e-06,7.8
1.986440677966102,7.843384994191327e-06,7.8
2.037118644067797,7.728561889704623e-06,7.8
2.0877966101694914,7.6197334206568924e-06,7.8
2.1384745762711863,7.516353234221882e-06,7.8
2.1891525423728813,7.41794760698115e-06,7.8
2.239830508474576,7.324153099963144e-06,7.8
2.290508474576271,7.234658136427619e-06,7.8
2.341186440677966,7.149204424295741e-06,7.8
2.391864406779661,7.0675589709236826e-06,7.8
2.442542372881356,6.9895259415207115e-06,7.8
2.493220338983051,6.914927373861176e-06,7.8
2.543898305084746,6.843601672654349e-06,7.8
2.594576271186441,6.7753920773469425e-06,7.8
2.645254237288136,6.71015751085827e-06,7.8
2.6959322033898308,6.647761402775886e-06,7.8
2.7466101694915257,6.588074973624347e-06,7.8
2.7972881355932206,6.530977943884386e-06,7.8
2.847966101694915,6.47635888282156e-06,7.8
2.89864406779661,6.424118973011938e-06,7.8
2.949322033898305,6.374151074626549e-06,7.8
3.0,6.326346739616092e-06,7.8
0.01,3.5151444461729265e-05,8.0
0.06067796610169492,3.473683915152268e-05,8.0
0.11135593220338984,3.3756233117515275e-05,8.0
0.16203389830508477,3.2475972118645235e-05,8.0
0.2127118644067797,3.109361099594501e-05,8.0
0.26338983050847464,2.967411475266155e-05,8.0
0.31406779661016954,2.824429209845729e-05,8.0
0.36474576271186443,2.6834169211532712e-05,8.0
0.4154237288135594,2.5458028363354812e-05,8.0
0.4661016949152543,2.411354028927506e-05,8.0
0.5167796610169493,2.279971423471831e-05,8.0
0.5674576271186441,2.1518951303744864e-05,8.0
0.6181355932203391,2.0279069748640525e-05,8.0
0.668813559322034,1.91007745573729e-05,8.0
0.7194915254237289,1.8001717390855514e-05,8.0
0.7701694915254238,1.69886970714542e-05,8.0
0.8208474576271187,1.6061964098453737e-05,8.0
0.8715254237288137,1.5218254628820162e-05,8.0
0.9222033898305086,1.4451066222902988e-05,8.0
0.9728813559322035,1.3752429374786075e-05,8.0
1.0235593220338985,1.3120052175362338e-05,8.0
1.0742372881355933,1.2555745405145863e-05,8.0
1.1249152542372882,1.2056120959186111e-05,8.0
1.1755932203389832,1.1611390360950415e-05,8.0
1.2262711864406781,1.1208338448405176e-05,8.0
1.276949152542373,1.0836281079293522e-05,8.0
1.327627118644068,1.0488551323391996e-05,8.0
1.378305084745763,1.0164709026096625e-05,8.0
1.4289830508474577,9.866094914618103e-06,8.0
1.4796610169491526,9.593334297015603e-06,8.0
1.5303389830508476,9.345856499959074e-06,8.0
1.5810169491525425,9.121851203757737e-06,8.0
1.6316949152542375,8.918169104251064e-06,8.0
1.6823728813559324,8.73157097114858e-06,8.0
1.7330508474576274,8.559576119935731e-06,8.0
1.7837288135593223,8.400123434414993e-06,8.0
1.8344067796610173,8.251544716774099e-06,8.0
1.885084745762712,8.11254353518518e-06,8.0
1.935762711864407,7.982033860495826e-06,8.0
1.986440677966102,7.859106569221875e-06,8.0
2.037118644067797,7.742994767989241e-06,8.0
2.0877966101694914,7.633033360455201e-06,8.0
2.1384745762711863,7.52865350607652e-06,8.0
2.1891525423728813,7.429362573283927e-06,8.0
2.239830508474576,7.334767495776228e-06,8.0
2.290508474576271,7.244558761986312e-06,8.0
2.341186440677966,7.158461515609129e-06,8.0
2.391864406779661,7.076233809851099e-06,8.0
2.442542372881356,6.997669948585803e-06,8.0
2.493220338983051,6.922585273325045e-06,8.0
2.543898305084746,6.850813043891672e-06,8.0
2.594576271186441,6.782190869093333e-06,8.0
2.645254237288136,6.716573702175575e-06,8.0
2.6959322033898308,6.653821929514804e-06,8.0
2.7466101694915257,6.593803407797407e-06,8.0
2.7972881355932206,6.536393560911868e-06,8.0
2.847966101694915,6.481475996218237e-06,8.0
2.89864406779661,6.428947336811284e-06,8.0
2.949322033898305,6.3787070465748465e-06,8.0
3.0,6.330644446348041e-06,8.0
0.01,3.514820243103298e-05,8.2
0.06067796610169492,3.473426290156281e-05,8.2
0.11135593220338984,3.376644679541348e-05,8.2
0.16203389830508477,3.250986882962102e-05,8.2
0.2127118644067797,3.115401220325157e-05,8.2
0.26338983050847464,2.9760305359838882e-05,8.2
0.31406779661016954,2.8355309797504868e-05,8.2
0.36474576271186443,2.6967022460443977e-05,8.2
0.4154237288135594,2.5609317425387284e-05,8.2
0.4661016949152543,2.4280706962874016e-05,8.2
0.5167796610169493,2.2981172303681318e-05,8.2
0.5674576271186441,2.1713478812173087e-05,8.2
0.6181355932203391,2.0482502716468844e-05,8.2
0.668813559322034,1.930406728035149e-05,8.2
0.7194915254237289,1.8197727952101696e-05,8.2
0.7701694915254238,1.7173751245140077e-05,8.2
0.8208474576271187,1.623409838124322e-05,8.2
0.8715254237288137,1.5376956737057525e-05,8.2
0.9222033898305086,1.459712785698894e-05,8.2
0.9728813559322035,1.3887112423067269e-05,8.2
1.0235593220338985,1.324151697909105e-05,8.2
1.0742372881355933,1.266212334221717e-05,8.2
1.1249152542372882,1.2147718004595174e-05,8.2
1.1755932203389832,1.1691339108279741e-05,8.2
1.2262711864406781,1.1280418508307252e-05,8.2
1.276949152542373,1.0903467232093724e-05,8.2
1.327627118644068,1.0552198587204447e-05,8.2
1.378305084745763,1.0224128948573704e-05,8.2
1.4289830508474577,9.920476689173438e-06,8.2
1.4796610169491526,9.642129492325627e-06,8.2
1.5303389830508476,9.388970963933593e-06,8.2
1.5810169491525425,9.159654879486028e-06,8.2
1.6316949152542375,8.951578572029075e-06,8.2
1.6823728813559324,8.761320670146423e-06,8.2
1.7330508474576274,8.586200630792442e-06,8.2
1.7837288135593223,8.42408276620102e-06,8.2
1.8344067796610173,8.27320885533806e-06,8.2
1.885084745762712,8.13220589892278e-06,8.2
1.935762711864407,7.999951820023612e-06,8.2
1.986440677966102,7.875496531231135e-06,8.2
2.037118644067797,7.75804186666117e-06,8.2
2.0877966101694914,7.64689981391007e-06,8.2
2.1384745762711863,7.541476939435681e-06,8.2
2.1891525423728813,7.441263987984507e-06,8.2
2.239830508474576,7.345832896151815e-06,8.2
2.290508474576271,7.254866566082155e-06,8.2
2.341186440677966,7.1680887143096705e-06,8.2
2.391864406779661,7.085248200122474e-06,8.2
2.442542372881356,7.006123963552169e-06,8.2
2.493220338983051,6.930528689172686e-06,8.2
2.543898305084746,6.8582877795072345e-06,8.2
2.594576271186441,6.789233863390914e-06,8.2
2.645254237288136,6.723216768910127e-06,8.2
2.6959322033898308,6.6600933398872895e-06,8.2
2.7466101694915257,6.599728855804427e-06,8.2
2.7972881355932206,6.541995090485724e-06,8.2
2.847966101694915,6.486770248776359e-06,8.2
2.89864406779661,6.433947732884376e-06,8.2
2.949322033898305,6.383425444336402e-06,8.2
3.0,6.335096258064781e-06,8.2
0.01,3.514489055530007e-05,8.4
0.06067796610169492,3.473172967048977e-05,8.4
0.11135593220338984,3.377630454537222e-05,8.4
0.16203389830508477,3.2542690729247e-05,8.4
0.2127118644067797,3.121274448883247e-05,8.4
0.26338983050847464,2.984426915712238e-05,8.4
0.31406779661016954,2.8463789713314797e-05,8.4
0.36474576271186443,2.7097257513874606e-05,8.4
0.4154237288135594,2.575792545756032e-05,8.4
0.4661016949152543,2.444511746400602e-05,8.4
0.5167796610169493,2.3159708794881427e-05,8.4
0.5674576271186441,2.1904889918974665e-05,8.4
0.6181355932203391,2.068451111593043e-05,8.4
0.668813559322034,1.950884189358525e-05,8.4
0.7194915254237289,1.8397225971287557e-05,8.4
0.7701694915254238,1.73632281546792e-05,8.4
0.8208474576271187,1.6411182935673773e-05,8.4
0.8715254237288137,1.5540606050618358e-05,8.4
0.9222033898305086,1.4747680093876558e-05,8.4
0.9728813559322035,1.4025867995401583e-05,8.4
1.0235593220338985,1.3368106809397215e-05,8.4
1.0742372881355933,1.277411438899951e-05,8.4
1.1249152542372882,1.2244709258665178e-05,8.4
1.1755932203389832,1.1775315278502019e-05,8.4
1.2262711864406781,1.1355199965722455e-05,8.4
1.276949152542373,1.0972308043231539e-05,8.4
1.327627118644068,1.0617247722023975e-05,8.4
1.378305084745763,1.0285151622686863e-05,8.4
1.4289830508474577,9.976661972973049e-06,8.4
1.4796610169491526,9.692870585903269e-06,8.4
1.5303389830508476,9.43401037327612e-06,8.4
1.5810169491525425,9.199199966092981e-06,8.4
1.6316949152542375,8.9863861974622e-06,8.4
1.6823728813559324,8.792295462071572e-06,8.4
1.7330508474576274,8.613918432543853e-06,8.4
1.7837288135593223,8.449025614678213e-06,8.4
1.8344067796610173,8.295766293081465e-06,8.4
1.885084745762712,8.152679666314326e-06,8.4
1.935762711864407,8.018612071542797e-06,8.4
1.986440677966102,7.892567352439543e-06,8.4
2.037118644067797,7.773715379656876e-06,8.4
2.0877966101694914,7.661342311336024e-06,8.4
2.1384745762711863,7.554832639606482e-06,8.4
2.1891525423728813,7.453658069665431e-06,8.4
2.239830508474576,7.357361705283908e-06,8.4
2.290508474576271,7.265599343871787e-06,8.4
2.341186440677966,7.1781015627492255e-06,8.4
2.391864406779661,7.09461188844888e-06,8.4
2.442542372881356,7.014899950088559e-06,8.4
2.493220338983051,6.938768105551444e-06,8.4
2.543898305084746,6.866035129290904e-06,8.4
2.594576271186441,6.796528878711951e-06,8.4
2.645254237288136,6.730093733313533e-06,8.4
2.6959322033898308,6.666582462405409e-06,8.4
2.7466101694915257,6.605856874944972e-06,8.4
2.7972881355932206,6.547785950724079e-06,8.4
2.847966101694915,6.492244100604945e-06,8.4
2.89864406779661,6.439119868373824e-06,8.4
2.949322033898305,6.3883081994514636e-06,8.4
3.0,6.33970415045301e-06,8.4
0.01,3.514150488990269e-05,8.6
0.06067796610169492,3.4729200574463125e-05,8.6
0.11135593220338984,3.378581858312274e-05,8.6
0.16203389830508477,3.257447232172649e-05,8.6
0.2127118644067797,3.1269803494415725e-05,8.6
0.26338983050847464,2.9926033644401024e-05,8.6
0.31406779661016954,2.856965508025775e-05,8.6
0.36474576271186443,2.722480959443198e-05,8.6
0.4154237288135594,2.590383411152478e-05,8.6
0.4661016949152543,2.460680165249078e-05,8.6
0.5167796610169493,2.3335410470361408e-05,8.6
0.5674576271186441,2.2093283634743862e-05,8.6
0.6181355932203391,2.088418134798786e-05,8.6
0.668813559322034,1.9714059301429013e-05,8.6
0.7194915254237289,1.8599558574480654e-05,8.6
0.7701694915254238,1.755677883507536e-05,8.6
0.8208474576271187,1.6593028495287153e-05,8.6
0.8715254237288137,1.5709195674351036e-05,8.6
0.9222033898305086,1.49028890814045e-05,8.6
0.9728813559322035,1.4168690899909023e-05,8.6
1.0235593220338985,1.3499379853201965e-05,8.6
1.0742372881355933,1.2891595749237559e-05,8.6
1.1249152542372882,1.2347209767238302e-05,8.6
1.1755932203389832,1.1863796475767245e-05,8.6
1.2262711864406781,1.1433132344810912e-05,8.6
1.276949152542373,1.1043152897889683e-05,8.6
1.327627118644068,1.0683644882814368e-05,8.6
1.378305084745763,1.034773271500794e-05,8.6
1.4289830508474577,1.0034609586890074e-05,8.6
1.4796610169491526,9.745526596031443e-06,8.6
1.5303389830508476,9.481007564233607e-06,8.6
1.5810169491525425,9.24059544040822e-06,8.6
1.6316949152542375,9.022712625811728e-06,8.6
1.6823728813559324,8.824522852577977e-06,8.6
1.7330508474576274,8.642759870642352e-06,8.6
1.7837288135593223,8.474969906270338e-06,8.6
1.8344067796610173,8.319233702110403e-06,8.6
1.885084745762712,8.173992338775757e-06,8.6
1.935762711864407,8.038032473003417e-06,8.6
1.986440677966102,7.910332863121663e-06,8.6
2.037118644067797,7.790026644828794e-06,8.6
2.0877966101694914,7.676371707644835e-06,8.6
2.1384745762711863,7.568729921544612e-06,8.6
2.1891525423728813,7.466554058299953e-06,8.6
2.239830508474576,7.3693610816924205e-06,8.6
2.290508474576271,7.276773657966002e-06,8.6
2.341186440677966,7.188516565017935e-06,8.6
2.391864406779661,7.104341568475577e-06,8.6
2.442542372881356,7.024010431217058e-06,8.6
2.493220338983051,6.947314563613666e-06,8.6
2.543898305084746,6.874063191925665e-06,8.6
2.594576271186441,6.804084477155402e-06,8.6
2.645254237288136,6.737212046266548e-06,8.6
2.6959322033898308,6.6732958047885535e-06,8.6
2.7466101694915257,6.612193654247692e-06,8.6
2.7972881355932206,6.553769825578597e-06,8.6
2.847966101694915,6.497900682913299e-06,8.6
2.89864406779661,6.4444658119613795e-06,8.6
2.949322033898305,6.393357692280952e-06,8.6
3.0,6.34447029710645e-06,8.6
0.01,3.513804089990342e-05,8.8
0.06067796610169492,3.4726636860959184e-05,8.8
0.11135593220338984,3.3795002321189753e-05,8.8
0.16203389830508477,3.260524796256365e-05,8.8
0.2127118644067797,3.132518674613003e-05,8.8
0.26338983050847464,3.0005622262483757e-05,8.8
0.31406779661016954,2.8672852013112348e-05,8.8
0.36474576271186443,2.7349610542456156e-05,8.8
0.4154237288135594,2.604700871674894e-05,8.8
0.4661016949152543,2.4765765815710974e-05,8.8
0.5167796610169493,2.350834044486668e-05,8.8
0.5674576271186441,2.227875889024192e-05,8.8
0.6181355932203391,2.1080939529895535e-05,8.8
0.668813559322034,1.9918644384145565e-05,8.8
0.7194915254237289,1.8803922366979204e-05,8.8
0.7701694915254238,1.7754011951585602e-05,8.8
0.8208474576271187,1.6779362250130944e-05,8.8
0.8715254237288137,1.588265991084692e-05,8.8
0.9222033898305086,1.5062869815033873e-05,8.8
0.9728813559322035,1.4315791293750465e-05,8.8
1.0235593220338985,1.363487886785684e-05,8.8
1.0742372881355933,1.3014307103365942e-05,8.8
1.1249152542372882,1.2455193239675477e-05,8.8
1.1755932203389832,1.1957231533264113e-05,8.8
1.2262711864406781,1.1514674405117658e-05,8.8
1.276949152542373,1.1116391180914912e-05,8.8
1.327627118644068,1.075151012541901e-05,8.8
1.378305084745763,1.0411824815860254e-05,8.8
1.4289830508474577,1.0094276357626714e-05,8.8
1.4796610169491526,9.80006247908723e-06,8.8
1.5303389830508476,9.529970190610463e-06,8.8
1.5810169491525425,9.283901197927179e-06,8.8
1.6316949152542375,9.060693099994274e-06,8.8
1.6823728813559324,8.858067227050438e-06,8.8
1.7330508474576274,8.67274502611428e-06,8.8
1.7837288135593223,8.501941456717866e-06,8.8
1.8344067796610173,8.343627291337748e-06,8.8
1.885084745762712,8.196148760119094e-06,8.8
1.935762711864407,8.058229303826511e-06,8.8
1.986440677966102,7.928808449247698e-06,8.8
2.037118644067797,7.806988375926423e-06,8.8
2.0877966101694914,7.691999835614122e-06,8.8
2.1384745762711863,7.5831783889805605e-06,8.8
2.1891525423728813,7.4799582414476256e-06,8.8
2.239830508474576,7.3818352751096174e-06,8.8
2.290508474576271,7.288397183130816e-06,8.8
2.341186440677966,7.199348338541606e-06,8.8
2.391864406779661,7.114452502690641e-06,8.8
2.442542372881356,7.033468259884878e-06,8.8
2.493220338983051,6.95617935655593e-06,8.8
2.543898305084746,6.88238615267721e-06,8.8
2.594576271186441,6.811907777293245e-06,8.8
2.645254237288136,6.744579489595889e-06,8.8
2.6959322033898308,6.680240422593037e-06,8.8
2.7466101694915257,6.618743702632185e-06,8.8
2.7972881355932206,6.559955318026103e-06,8.8
2.847966101694915,6.5037443641877445e-06,8.8
2.89864406779661,6.449988395639458e-06,8.8
2.949322033898305,6.398573607039081e-06,8.8
3.0,6.349397090961263e-06,8.8
0.01,3.5134493711281065e-05,9.0
0.06067796610169492,3.472400064995081e-05,9.0
0.11135593220338984,3.3803866489750944e-05,9.0
0.16203389830508477,3.263504927672231e-05,9.0
0.2127118644067797,3.1378892692038065e-05,9.0
0.26338983050847464,3.0083053871764e-05,9.0
0.31406779661016954,2.877337356480311e-05,9.0
0.36474576271186443,2.74715920044001e-05,9.0
0.4154237288135594,2.618740559317098e-05,9.0
0.4661016949152543,2.4922001645638588e-05,9.0
0.5167796610169493,2.3678534290596723e-05,9.0
0.5674576271186441,2.246139846204511e-05,9.0
0.6181355932203391,2.1274734108839144e-05,9.0
0.668813559322034,2.012163014867442e-05,9.0
0.7194915254237289,1.9009384520320844e-05,9.0
0.7701694915254238,1.7954393557203565e-05,9.0
0.8208474576271187,1.6969850743590958e-05,9.0
0.8715254237288137,1.6060862369130812e-05,9.0
0.9222033898305086,1.522766311888529e-05,9.0
0.9728813559322035,1.4467349921557344e-05,9.0
1.0235593220338985,1.3774339068301201e-05,9.0
1.0742372881355933,1.3141868501342922e-05,9.0
1.1249152542372882,1.2568611209046888e-05,9.0
1.1755932203389832,1.2055923496680566e-05,9.0
1.2262711864406781,1.1600280187713767e-05,9.0
1.276949152542373,1.119243926967171e-05,9.0
1.327627118644068,1.0821152908508243e-05,9.0
1.378305084745763,1.0477332763175957e-05,9.0
1.4289830508474577,1.015562188885447e-05,9.0
1.4796610169491526,9.856446883257186e-06,9.0
1.5303389830508476,9.580894858062692e-06,9.0
1.5810169491525425,9.329153635775529e-06,9.0
1.6316949152542375,9.10046577233829e-06,9.0
1.6823728813559324,8.893046689277708e-06,9.0
1.7330508474576274,8.703907501160783e-06,9.0
1.7837288135593223,8.529962734677854e-06,9.0
1.8344067796610173,8.368964234660475e-06,9.0
1.885084745762712,8.219173003808091e-06,9.0
1.935762711864407,8.079219047957331e-06,9.0
1.986440677966102,7.94800876695619e-06,9.0
2.037118644067797,7.824615800062196e-06,9.0
2.0877966101694914,7.708238532621247e-06,9.0
2.1384745762711863,7.598188740537756e-06,9.0
2.1891525423728813,7.493878406235104e-06,9.0
2.239830508474576,7.394788850243944e-06,9.0
2.290508474576271,7.300477401672637e-06,9.0
2.341186440677966,7.2106125123714745e-06,9.0
2.391864406779661,7.124959699513275e-06,9.0
2.442542372881356,7.043288088837848e-06,9.0
2.493220338983051,6.965374773943847e-06,9.0
2.543898305084746,6.891012849827342e-06,9.0
2.594576271186441,6.820012897590751e-06,9.0
2.645254237288136,6.752204759170152e-06,9.0
2.6959322033898308,6.687423143306928e-06,9.0
2.7466101694915257,6.625516399308432e-06,9.0
2.7972881355932206,6.566346738460793e-06,9.0
2.847966101694915,6.509780130866663e-06,9.0
2.89864406779661,6.4556911100319755e-06,9.0
2.949322033898305,6.4039623283619835e-06,9.0
3.0,6.354486855636553e-06,9.0
0.01,3.5130858388058405e-05,9.2
0.06067796610169492,3.472125932826476e-05,9.2
0.11135593220338984,3.381242462225408e-05,9.2
0.16203389830508477,3.266390609699436e-05,9.2
0.2127118644067797,3.1430925653629134e-05,9.2
0.26338983050847464,3.0158343756910685e-05,9.2
0.31406779661016954,2.887126537458849e-05,9.2
0.36474576271186443,2.7590690497402828e-05,9.2
0.4154237288135594,2.6324972752143186e-05,9.2
0.4661016949152543,2.5075487374378173e-05,9.2
0.5167796610169493,2.3846006107933263e-05,9.2
0.5674576271186441,2.264126750199285e-05,9.2
0.6181355932203391,2.1465635204265555e-05,9.2
0.668813559322034,2.032220103314887e-05,9.2
0.7194915254237289,1.921493521523573e-05,9.2
0.7701694915254238,1.815724130913637e-05,9.2
0.8208474576271187,1.71641512419356e-05,9.2
0.8715254237288137,1.6243596714480752e-05,9.2
0.9222033898305086,1.5397232847955925e-05,9.2
0.9728813559322035,1.4623506725164318e-05,9.2
1.0235593220338985,1.3917880933859358e-05,9.2
1.0742372881355933,1.327385426833209e-05,9.2
1.1249152542372882,1.2687304911783946e-05,9.2
1.1755932203389832,1.2159952402720262e-05,9.2
1.2262711864406781,1.1690401397772457e-05,9.2
1.276949152542373,1.1271727724956871e-05,9.2
1.327627118644068,1.089292366100062e-05,9.2
1.378305084745763,1.0544222038609171e-05,9.2
1.4289830508474577,1.021859678084092e-05,9.2
1.4796610169491526,9.914651672511071e-06,9.2
1.5303389830508476,9.633755715936734e-06,9.2
1.5810169491525425,9.376384223482647e-06,9.2
1.6316949152542375,9.142120906675364e-06,9.2
1.6823728813559324,8.929597909214168e-06,9.2
1.7330508474576274,8.736310701086337e-06,9.2
1.7837288135593223,8.559058517187993e-06,9.2
1.8344067796610173,8.395264777099004e-06,9.2
1.885084745762712,8.243073084107773e-06,9.2
1.935762711864407,8.10101523314782e-06,9.2
1.986440677966102,7.967950025931096e-06,9.2
2.037118644067797,7.842920597081599e-06,9.2
2.0877966101694914,7.725099758996824e-06,9.2
2.1384745762711863,7.6137718643644625e-06,9.2
2.1891525423728813,7.50832813358624e-06,9.2
2.239830508474576,7.408231445820291e-06,9.2
2.290508474576271,7.313017349672139e-06,9.2
2.341186440677966,7.222316843245116e-06,9.2
2.391864406779661,7.13587834574488e-06,9.2
2.442542372881356,7.053484408207333e-06,9.2
2.493220338983051,6.974914151294021e-06,9.2
2.543898305084746,6.899954535684813e-06,9.2
2.594576271186441,6.828407803120176e-06,9.2
2.645254237288136,6.760097021905392e-06,9.2
2.6959322033898308,6.694852137625287e-06,9.2
2.7466101694915257,6.632517359615908e-06,9.2
2.7972881355932206,6.572950260807016e-06,9.2
2.847966101694915,6.516013431223402e-06,9.2
2.89864406779661,6.461578435380464e-06,9.2
2.949322033898305,6.409524903877297e-06,9.2
3.0,6.359742246755609e-06,9.2
0.01,3.512712906869224e-05,9.4
0.06067796610169492,3.471840061069152e-05,9.4
0.11135593220338984,3.382068668908913e-05,9.4
0.16203389830508477,3.269184648845514e-05,9.4
0.2127118644067797,3.1481311603765074e-05,9.4
0.26338983050847464,3.0231505831154295e-05,9.4
0.31406779661016954,2.896657053660235e-05,9.4
0.36474576271186443,2.7706857264614e-05,9.4
0.4154237288135594,2.645965237736935e-05,9.4
0.4661016949152543,2.52261861548965e-05,9.4
0.5167796610169493,2.4010751733398222e-05,9.4
0.5674576271186441,2.2818408750456148e-05,9.4
0.6181355932203391,2.165372620898881e-05,9.4
0.668813559322034,2.051994711367384e-05,9.4
0.7194915254237289,1.9419581215435807e-05,9.4
0.7701694915254238,1.8361734574860157e-05,9.4
0.8208474576271187,1.7361834081432074e-05,9.4
0.8715254237288137,1.643057338384304e-05,9.4
0.9222033898305086,1.5571503669137404e-05,9.4
0.9728813559322035,1.4784342118857989e-05,9.4
1.0235593220338985,1.4065700527385117e-05,9.4
1.0742372881355933,1.3409865382777136e-05,9.4
1.1249152542372882,1.2810976320905362e-05,9.4
1.1755932203389832,1.2269330612148117e-05,9.4
1.2262711864406781,1.1785432741846e-05,9.4
1.276949152542373,1.1354688777181371e-05,9.4
1.327627118644068,1.0967205358654776e-05,9.4
1.378305084745763,1.0612694186714327e-05,9.4
1.4289830508474577,1.028308729872908e-05,9.4
1.4796610169491526,9.974645521862207e-06,9.4
1.5303389830508476,9.688534929097763e-06,9.4
1.5810169491525425,9.425597226519038e-06,9.4
1.6316949152542375,9.185704565528762e-06,9.4
1.6823728813559324,8.967859670956321e-06,9.4
1.7330508474576274,8.770068465346518e-06,9.4
1.7837288135593223,8.58926041020795e-06,9.4
1.8344067796610173,8.422549741337952e-06,9.4
1.885084745762712,8.267862088855937e-06,9.4
1.935762711864407,8.123631407170436e-06,9.4
1.986440677966102,7.988644065063142e-06,9.4
2.037118644067797,7.861916871331494e-06,9.4
2.0877966101694914,7.742595810191064e-06,9.4
2.1384745762711863,7.629939055052874e-06,9.4
2.1891525423728813,7.523315503017455e-06,9.4
2.239830508474576,7.422170677114043e-06,9.4
2.290508474576271,7.326020385314632e-06,9.4
2.341186440677966,7.234464889031856e-06,9.4
2.391864406779661,7.147220499840292e-06,9.4
2.442542372881356,7.064071752383372e-06,9.4
2.493220338983051,6.98481157353472e-06,9.4
2.543898305084746,6.9092233208098835e-06,9.4
2.594576271186441,6.8371030346046815e-06,9.4
2.645254237288136,6.7682660141745725e-06,9.4
2.6959322033898308,6.7025345515050725e-06,9.4
2.7466101694915257,6.639753713987153e-06,9.4
2.7972881355932206,6.5797723686956e-06,9.4
2.847966101694915,6.5224500686409815e-06,9.4
2.89864406779661,6.46765545935106e-06,9.4
2.949322033898305,6.415265242635278e-06,9.4
3.0,6.3651656903715115e-06,9.4
0.01,3.5123297582650866e-05,9.6
0.06067796610169492,3.4715430043798615e-05,9.6
0.11135593220338984,3.3828663408453574e-05,9.6
0.16203389830508477,3.2718895676148776e-05,9.6
0.2127118644067797,3.153010460761991e-05,9.6
0.26338983050847464,3.030255508917974e-05,9.6
0.31406779661016954,2.9059326612546807e-05,9.6
0.36474576271186443,2.7820073283447407e-05,9.6
0.4154237288135594,2.6591386278278525e-05,9.6
0.4661016949152543,2.5374053284220052e-05,9.6
0.5167796610169493,2.4172754195725866e-05,9.6
0.5674576271186441,2.2992841351976284e-05,9.6
0.6181355932203391,2.1839069975482364e-05,9.6
0.668813559322034,2.0714877938166636e-05,9.6
0.7194915254237289,1.9622464353278844e-05,9.6
0.7701694915254238,1.8566947611798937e-05,9.6
0.8208474576271187,1.756232651193476e-05,9.6
0.8715254237288137,1.6621465950191864e-05,9.6
0.9222033898305086,1.5750322815495167e-05,9.6
0.9728813559322035,1.4949862488744313e-05,9.6
1.0235593220338985,1.4217953530468012e-05,9.6
1.0742372881355933,1.3549810923584627e-05,9.6
1.1249152542372882,1.2939248295705552e-05,9.6
1.1755932203389832,1.2383972273305198e-05,9.6
1.2262711864406781,1.1885616255408781e-05,9.6
1.276949152542373,1.1441756167379981e-05,9.6
1.327627118644068,1.1044403576964666e-05,9.6
1.378305084745763,1.068306855146726e-05,9.6
1.4289830508474577,1.0348981519357554e-05,9.6
1.4796610169491526,1.0036378581425454e-05,9.6
1.5303389830508476,9.7452179212126e-06,9.6
1.5810169491525425,9.476791205434725e-06,9.6
1.6316949152542375,9.231260179099897e-06,9.6
1.6823728813559324,9.00795570423415e-06,9.6
1.7330508474576274,8.80531555678494e-06,9.6
1.7837288135593223,8.620631649901345e-06,9.6
1.8344067796610173,8.450842485061017e-06,9.6
1.885084745762712,8.293555343977944e-06,9.6
1.935762711864407,8.147078646440765e-06,9.6
1.986440677966102,8.010106058787555e-06,9.6
2.037118644067797,7.881618312910844e-06,9.6
2.0877966101694914,7.760738739447588e-06,9.6
2.1384745762711863,7.646701867727028e-06,9.6
2.1891525423728813,7.538851326355929e-06,9.6
2.239830508474576,7.4366128034685185e-06,9.6
2.290508474576271,7.339491781398562e-06,9.6
2.341186440677966,7.2470590983672744e-06,9.6
2.391864406779661,7.1589905336873925e-06,9.6
2.442542372881356,7.07506560012094e-06,9.6
2.493220338983051,6.995081000328117e-06,9.6
2.543898305084746,6.918832420198972e-06,9.6
2.594576271186441,6.846109832806852e-06,9.6
2.645254237288136,6.7767188643190854e-06,9.6
2.6959322033898308,6.710482607513883e-06,9.6
2.7466101694915257,6.6472338566041925e-06,9.6
2.7972881355932206,6.586819936277542e-06,9.6
2.847966101694915,6.5290961680942345e-06,9.6
2.89864406779661,6.473927598499188e-06,9.6
2.949322033898305,6.421187932066305e-06,9.6
3.0,6.3707605528269685e-06,9.6
0.01,3.511935504041868e-05,9.8
0.06067796610169492,3.471235560261862e-05,9.8
0.11135593220338984,3.3836365445592786e-05,9.8
0.16203389830508477,3.274507910812592e-05,9.8
0.2127118644067797,3.157736189754473e-05,9.8
0.26338983050847464,3.0371506477429736e-05,9.8
0.31406779661016954,2.9149566882877183e-05,9.8
0.36474576271186443,2.7930377384776192e-05,9.8
0.4154237288135594,2.6720113775697602e-05,9.8
0.4661016949152543,2.5519036385698224e-05,9.8
0.5167796610169493,2.4331984391285274e-05,9.8
0.5674576271186441,2.3164566711032662e-05,9.8
0.6181355932203391,2.2021713322105588e-05,9.8
0.668813559322034,2.090704826261755e-05,9.8
0.7194915254237289,1.9822880575050896e-05,9.8
0.7701694915254238,1.8771912099176837e-05,9.8
0.8208474576271187,1.776491672777562e-05,9.8
0.8715254237288137,1.681590797790419e-05,9.8
0.9222033898305086,1.593345607598358e-05,9.8
0.9728813559322035,1.5120023600300927e-05,9.8
1.0235593220338985,1.4374748868542488e-05,9.8
1.0742372881355933,1.3693866368696398e-05,9.8
1.1249152542372882,1.3071715742892672e-05,9.8
1.1755932203389832,1.250367247234105e-05,9.8
1.2262711864406781,1.1991031934787193e-05,9.8
1.276949152542373,1.1533349387551439e-05,9.8
1.327627118644068,1.1124927799202408e-05,9.8
1.378305084745763,1.075569568040055e-05,9.8
1.4289830508474577,1.0416324146602366e-05,9.8
1.4796610169491526,1.0099743918524082e-05,9.8
1.5303389830508476,9.803782739113191e-06,9.8
1.5810169491525425,9.529954984520589e-06,9.8
1.6316949152542375,9.27881130507676e-06,9.8
1.6823728813559324,9.049958596049555e-06,9.8
1.7330508474576274,8.842190114303546e-06,9.8
1.7837288135593223,8.653281872743023e-06,9.8
1.8344067796610173,8.480173486940402e-06,9.8
1.885084745762712,8.32017071703478e-06,9.8
1.935762711864407,8.171366777796201e-06,9.8
1.986440677966102,8.032346260402916e-06,9.8
2.037118644067797,7.902037550395986e-06,9.8
2.0877966101694914,7.779542275690946e-06,9.8
2.1384745762711863,7.664072070788683e-06,9.8
2.1891525423728813,7.554946238126646e-06,9.8
2.239830508474576,7.451572403172904e-06,9.8
2.290508474576271,7.353439773485201e-06,9.8
2.341186440677966,7.26010179511924e-06,9.8
2.391864406779661,7.171193623857979e-06,9.8
2.442542372881356,7.086472272834668e-06,9.8
2.493220338983051,7.0057363228237225e-06,9.8
2.543898305084746,6.928795408737466e-06,9.8
2.594576271186441,6.855440318466625e-06,9.8
2.645254237288136,6.785471247252216e-06,9.8
2.6959322033898308,6.718702943172875e-06,9.8
2.7466101694915257,6.654966200765095e-06,9.8
2.7972881355932206,6.594100368411573e-06,9.8
2.847966101694915,6.5359582105323225e-06,9.8
2.89864406779661,6.4804006579772685e-06,9.8
2.949322033898305,6.427298061505506e-06,9.8
3.0,6.3765292251335545e-06,9.8
0.01,3.511529491487083e-05,10.0
0.06067796610169492,3.470918700538e-05,10.0
0.11135593220338984,3.384380430140598e-05,10.0
0.16203389830508477,3.277042602285239e-05,10.0
0.2127118644067797,3.162313743025257e-05,10.0
0.26338983050847464,3.0438378669762012e-05,10.0
0.31406779661016954,2.9237320853322272e-05,10.0
0.36474576271186443,2.803782426729906e-05,10.0
0.4154237288135594,2.684579060640093e-05,10.0
0.4661016949152543,2.566107765706686e-05,10.0
0.5167796610169493,2.448840030963645e-05,10.0
0.5674576271186441,2.333357056020211e-05,10.0
0.6181355932203391,2.220168107548506e-05,10.0
0.668813559322034,2.109652297995348e-05,10.0
0.7194915254237289,2.002059686466257e-05,10.0
0.7701694915254238,1.8975742614513452e-05,10.0
0.8208474576271187,1.796877021728924e-05,10.0
0.8715254237288137,1.701342902621481e-05,10.0
0.9222033898305086,1.612059945294759e-05,10.0
0.9728813559322035,1.5294723131703602e-05,10.0
1.0235593220338985,1.4536134369113219e-05,10.0
1.0742372881355933,1.384220205820745e-05,10.0
1.1249152542372882,1.320808129057801e-05,10.0
1.1755932203389832,1.262811194953921e-05,10.0
1.2262711864406781,1.210166248219499e-05,10.0
1.276949152542373,1.162983181553842e-05,10.0
1.327627118644068,1.120918914119328e-05,10.0
1.378305084745763,1.0830954906728039e-05,10.0
1.4289830508474577,1.048537757532307e-05,10.0
1.4796610169491526,1.016459153056094e-05,10.0
1.5303389830508476,9.864188505280749e-06,10.0
1.5810169491525425,9.585084503456648e-06,10.0
1.6316949152542375,9.328367412420874e-06,10.0
1.6823728813559324,9.093916228788634e-06,10.0
1.7330508474576274,8.880829609895363e-06,10.0
1.7837288135593223,8.687339716690281e-06,10.0
1.8344067796610173,8.510606483801614e-06,10.0
1.885084745762712,8.347731823037178e-06,10.0
1.935762711864407,8.196505473799528e-06,10.0
1.986440677966102,8.055374696476263e-06,10.0
2.037118644067797,7.923186513196543e-06,10.0
2.0877966101694914,7.79901789515233e-06,10.0
2.1384745762711863,7.682060700479538e-06,10.0
2.1891525423728813,7.571610999907287e-06,10.0
2.239830508474576,7.467057808506277e-06,10.0
2.290508474576271,7.367873493983673e-06,10.0
2.341186440677966,7.2735971995998906e-06,10.0
2.391864406779661,7.183830827197554e-06,10.0
2.442542372881356,7.098298357401932e-06,10.0
2.493220338983051,7.016789536911424e-06,10.0
2.543898305084746,6.93912583188527e-06,10.0
2.594576271186441,6.86510745444857e-06,10.0
2.645254237288136,6.794531841203281e-06,10.0
2.6959322033898308,6.72720783784365e-06,10.0
2.7466101694915257,6.662959685783933e-06,10.0
2.7972881355932206,6.601621757674487e-06,10.0
2.847966101694915,6.543043109818814e-06,10.0
2.89864406779661,6.487080701398207e-06,10.0
2.949322033898305,6.433601144310948e-06,10.0
3.0,6.382480249103236e-06,10.0
